carrier_code,date,month,day,year,flight_number,tail_number,destination_airport,airline_name
AA,2021-11-01T04:00:00Z,11,1,2021,0595,NA,MIA,American Airlines
AA,2021-11-01T04:00:00Z,11,1,2021,1176,N944AN,DCA,American Airlines
AA,2021-11-01T04:00:00Z,11,1,2021,1487,N314PD,PHX,American Airlines
AA,2021-11-01T04:00:00Z,11,1,2021,1610,N863NN,MIA,American Airlines
AA,2021-11-01T04:00:00Z,11,1,2021,2291,N847NN,CLT,American Airlines
AA,2021-11-01T04:00:00Z,11,1,2021,2338,N975AN,CLT,American Airlines
AA,2021-11-01T04:00:00Z,11,1,2021,2643,N960NN,CLT,American Airlines
AA,2021-11-01T04:00:00Z,11,1,2021,2819,N962NN,ORD,American Airlines
AS,2021-11-01T04:00:00Z,11,1,2021,0007,N930VA,SEA,Alaska Airlines
AA,2021-11-02T04:00:00Z,11,2,2021,1444,N561UW,CLT,American Airlines
AA,2021-11-02T04:00:00Z,11,2,2021,2643,N968AN,CLT,American Airlines
B6,2021-11-06T04:00:00Z,11,6,2021,2516,N273JB,SYR,JetBlue Airways
AA,2021-11-07T04:00:00Z,11,7,2021,2643,N953NN,CLT,American Airlines
AA,2021-11-08T05:00:00Z,11,8,2021,1875,N923NN,FLL,American Airlines
AA,2021-11-08T05:00:00Z,11,8,2021,2643,N987AN,CLT,American Airlines
AA,2021-11-10T05:00:00Z,11,10,2021,0595,N726AN,MIA,American Airlines
AA,2021-11-10T05:00:00Z,11,10,2021,2305,N104NN,SFO,American Airlines
AA,2021-11-10T05:00:00Z,11,10,2021,2369,N969AN,PHX,American Airlines
AS,2021-11-10T05:00:00Z,11,10,2021,0221,N928VA,SEA,Alaska Airlines
AA,2021-11-11T05:00:00Z,11,11,2021,2836,N991NN,LAS,American Airlines
9E,2021-11-12T05:00:00Z,11,12,2021,5078,N910XJ,RDU,Endeavor Air
B6,2021-11-12T05:00:00Z,11,12,2021,0285,N279JB,RDU,JetBlue Airways
YX,2021-11-12T05:00:00Z,11,12,2021,4712,N413YX,RIC,Republic Airways
AA,2021-11-13T05:00:00Z,11,13,2021,0488,N872NN,CLT,American Airlines
AA,2021-11-13T05:00:00Z,11,13,2021,0495,N995NN,CLT,American Airlines
YX,2021-11-13T05:00:00Z,11,13,2021,4528,N117HQ,ORF,Republic Airways
YX,2021-11-13T05:00:00Z,11,13,2021,4537,N452YX,RIC,Republic Airways
YX,2021-11-13T05:00:00Z,11,13,2021,4672,N133HQ,PHL,Republic Airways
AA,2021-11-15T05:00:00Z,11,15,2021,1228,N303RE,MIA,American Airlines
AA,2021-11-16T05:00:00Z,11,16,2021,1233,N9018E,STT,American Airlines
AS,2021-11-16T05:00:00Z,11,16,2021,0007,N922VA,SEA,Alaska Airlines
AA,2021-11-17T05:00:00Z,11,17,2021,2643,N871NN,CLT,American Airlines
AS,2021-11-18T05:00:00Z,11,18,2021,0007,N927VA,SEA,Alaska Airlines
AS,2021-11-18T05:00:00Z,11,18,2021,0342,N260AK,SAN,Alaska Airlines
AA,2021-11-22T05:00:00Z,11,22,2021,1479,N735AT,MIA,American Airlines
AA,2021-11-25T05:00:00Z,11,25,2021,0495,N982NN,CLT,American Airlines
AA,2021-11-25T05:00:00Z,11,25,2021,2813,N964NN,AUS,American Airlines
AA,2021-11-26T05:00:00Z,11,26,2021,2369,N335PH,PHX,American Airlines
AA,2021-11-26T05:00:00Z,11,26,2021,2813,N949NN,AUS,American Airlines
AA,2021-11-28T05:00:00Z,11,28,2021,0495,N923AN,CLT,American Airlines
AA,2021-11-29T05:00:00Z,11,29,2021,0076,N115NN,SFO,American Airlines
AA,2021-11-29T05:00:00Z,11,29,2021,0495,N931NN,CLT,American Airlines
AS,2021-11-29T05:00:00Z,11,29,2021,0216,N492AS,SEA,Alaska Airlines
UA,2021-11-30T05:00:00Z,11,30,2021,0515,NA,LAX,United Air Lines
AA,2021-12-01T05:00:00Z,12,1,2021,2643,N877NN,CLT,American Airlines
AA,2021-12-09T05:00:00Z,12,9,2021,0302,N112AN,LAX,American Airlines
9E,2021-12-10T05:00:00Z,12,10,2021,4635,N279PQ,MSP,Endeavor Air
9E,2021-12-10T05:00:00Z,12,10,2021,5124,N313PQ,MSP,Endeavor Air
B6,2021-12-11T05:00:00Z,12,11,2021,0102,N239JB,BUF,JetBlue Airways
B6,2021-12-11T05:00:00Z,12,11,2021,2902,N184JB,BUF,JetBlue Airways
9E,2021-12-15T05:00:00Z,12,15,2021,5422,N304PQ,ORD,Endeavor Air
AS,2021-12-16T05:00:00Z,12,16,2021,0393,N409AS,SAN,Alaska Airlines
AS,2021-12-16T05:00:00Z,12,16,2021,0657,N926VA,SFO,Alaska Airlines
DL,2021-12-18T05:00:00Z,12,18,2021,1005,N110DU,DFW,Delta Air Lines
B6,2021-12-22T05:00:00Z,12,22,2021,0839,N2044J,BQN,JetBlue Airways
AS,2021-12-23T05:00:00Z,12,23,2021,0769,N297AK,SFO,Alaska Airlines
B6,2021-12-23T05:00:00Z,12,23,2021,0081,N510JB,RNO,JetBlue Airways
B6,2021-12-23T05:00:00Z,12,23,2021,0776,N236JB,ORH,JetBlue Airways
AA,2021-12-24T05:00:00Z,12,24,2021,0495,N944NN,CLT,American Airlines
B6,2021-12-24T05:00:00Z,12,24,2021,0125,N537JT,TPA,JetBlue Airways
B6,2021-12-24T05:00:00Z,12,24,2021,0439,N529JB,BQN,JetBlue Airways
B6,2021-12-24T05:00:00Z,12,24,2021,0553,N534JB,PBI,JetBlue Airways
B6,2021-12-24T05:00:00Z,12,24,2021,0676,N198JB,ORH,JetBlue Airways
B6,2021-12-24T05:00:00Z,12,24,2021,0839,N809JB,BQN,JetBlue Airways
B6,2021-12-24T05:00:00Z,12,24,2021,1701,N621JB,FLL,JetBlue Airways
B6,2021-12-24T05:00:00Z,12,24,2021,2029,N613JB,RSW,JetBlue Airways
DL,2021-12-24T05:00:00Z,12,24,2021,0350,N703TW,SAN,Delta Air Lines
DL,2021-12-24T05:00:00Z,12,24,2021,0351,N826MH,LAX,Delta Air Lines
DL,2021-12-24T05:00:00Z,12,24,2021,0354,N194DN,SLC,Delta Air Lines
DL,2021-12-24T05:00:00Z,12,24,2021,0359,N801NW,SLC,Delta Air Lines
DL,2021-12-24T05:00:00Z,12,24,2021,0384,N137DU,SLC,Delta Air Lines
DL,2021-12-24T05:00:00Z,12,24,2021,0442,N199DN,SFO,Delta Air Lines
DL,2021-12-24T05:00:00Z,12,24,2021,0795,N837MH,PHX,Delta Air Lines
DL,2021-12-24T05:00:00Z,12,24,2021,1272,N335DN,FLL,Delta Air Lines
DL,2021-12-24T05:00:00Z,12,24,2021,1660,N335DN,MCO,Delta Air Lines
AA,2021-12-25T05:00:00Z,12,25,2021,0688,N731AN,MIA,American Airlines
AA,2021-12-25T05:00:00Z,12,25,2021,1553,N4032T,EGE,American Airlines
AA,2021-12-25T05:00:00Z,12,25,2021,1610,N796AN,MIA,American Airlines
AA,2021-12-25T05:00:00Z,12,25,2021,2643,N872NN,CLT,American Airlines
B6,2021-12-25T05:00:00Z,12,25,2021,0201,N998JE,FLL,JetBlue Airways
B6,2021-12-25T05:00:00Z,12,25,2021,0425,N583JB,TPA,JetBlue Airways
B6,2021-12-25T05:00:00Z,12,25,2021,0453,N503JB,PBI,JetBlue Airways
B6,2021-12-25T05:00:00Z,12,25,2021,0518,N238JB,BOS,JetBlue Airways
B6,2021-12-25T05:00:00Z,12,25,2021,0669,N621JB,SJC,JetBlue Airways
B6,2021-12-25T05:00:00Z,12,25,2021,0723,N2142J,LAX,JetBlue Airways
B6,2021-12-25T05:00:00Z,12,25,2021,0753,N583JB,PBI,JetBlue Airways
B6,2021-12-25T05:00:00Z,12,25,2021,0803,N729JB,SJU,JetBlue Airways
B6,2021-12-25T05:00:00Z,12,25,2021,1083,N238JB,MCO,JetBlue Airways
B6,2021-12-25T05:00:00Z,12,25,2021,1201,N537JT,FLL,JetBlue Airways
B6,2021-12-25T05:00:00Z,12,25,2021,1483,N997JL,MCO,JetBlue Airways
B6,2021-12-25T05:00:00Z,12,25,2021,2193,N965JT,MIA,JetBlue Airways
DL,2021-12-25T05:00:00Z,12,25,2021,0350,N723TW,SAN,Delta Air Lines
DL,2021-12-25T05:00:00Z,12,25,2021,0351,N833MH,LAX,Delta Air Lines
DL,2021-12-25T05:00:00Z,12,25,2021,0424,N1604R,ATL,Delta Air Lines
DL,2021-12-25T05:00:00Z,12,25,2021,0442,N192DN,SFO,Delta Air Lines
DL,2021-12-25T05:00:00Z,12,25,2021,0452,N704X,SEA,Delta Air Lines
DL,2021-12-25T05:00:00Z,12,25,2021,0522,N717TW,SEA,Delta Air Lines
DL,2021-12-25T05:00:00Z,12,25,2021,0543,N199DN,LAX,Delta Air Lines
DL,2021-12-25T05:00:00Z,12,25,2021,0795,N826MH,PHX,Delta Air Lines
DL,2021-12-25T05:00:00Z,12,25,2021,1406,N375DA,TPA,Delta Air Lines
UA,2021-12-25T05:00:00Z,12,25,2021,0517,NA,LAX,United Air Lines
UA,2021-12-25T05:00:00Z,12,25,2021,0521,NA,SFO,United Air Lines
AA,2021-12-26T05:00:00Z,12,26,2021,0493,N992AN,CLT,American Airlines
AA,2021-12-26T05:00:00Z,12,26,2021,1444,N878NN,CLT,American Airlines
AA,2021-12-26T05:00:00Z,12,26,2021,2813,N958NN,AUS,American Airlines
AS,2021-12-26T05:00:00Z,12,26,2021,0657,N921VA,SFO,Alaska Airlines
B6,2021-12-26T05:00:00Z,12,26,2021,0001,N965JT,FLL,JetBlue Airways
B6,2021-12-26T05:00:00Z,12,26,2021,0015,N989JT,SFO,JetBlue Airways
B6,2021-12-26T05:00:00Z,12,26,2021,0053,N529JB,PBI,JetBlue Airways
B6,2021-12-26T05:00:00Z,12,26,2021,0105,N247JB,ORD,JetBlue Airways
B6,2021-12-26T05:00:00Z,12,26,2021,0225,N746JB,TPA,JetBlue Airways
B6,2021-12-26T05:00:00Z,12,26,2021,0263,N985JT,SEA,JetBlue Airways
B6,2021-12-26T05:00:00Z,12,26,2021,0355,N966JT,ONT,JetBlue Airways
B6,2021-12-26T05:00:00Z,12,26,2021,0383,N192JB,MCO,JetBlue Airways
B6,2021-12-26T05:00:00Z,12,26,2021,0425,N586JB,TPA,JetBlue Airways
B6,2021-12-26T05:00:00Z,12,26,2021,0523,N2142J,LAX,JetBlue Airways
B6,2021-12-26T05:00:00Z,12,26,2021,0601,N821JB,FLL,JetBlue Airways
B6,2021-12-26T05:00:00Z,12,26,2021,0676,N183JB,ORH,JetBlue Airways
B6,2021-12-26T05:00:00Z,12,26,2021,1201,N566JB,FLL,JetBlue Airways
B6,2021-12-26T05:00:00Z,12,26,2021,1273,N592JB,CHS,JetBlue Airways
B6,2021-12-26T05:00:00Z,12,26,2021,1603,N2029J,SJU,JetBlue Airways
B6,2021-12-26T05:00:00Z,12,26,2021,2802,N206JB,BUF,JetBlue Airways
DL,2021-12-26T05:00:00Z,12,26,2021,0302,N835MH,LAX,Delta Air Lines
DL,2021-12-26T05:00:00Z,12,26,2021,0343,N189DN,SFO,Delta Air Lines
DL,2021-12-26T05:00:00Z,12,26,2021,0350,N722TW,SAN,Delta Air Lines
DL,2021-12-26T05:00:00Z,12,26,2021,0371,N836MH,LAS,Delta Air Lines
DL,2021-12-26T05:00:00Z,12,26,2021,0795,N833MH,PHX,Delta Air Lines
DL,2021-12-26T05:00:00Z,12,26,2021,2265,N836DN,RSW,Delta Air Lines
UA,2021-12-26T05:00:00Z,12,26,2021,0515,NA,LAX,United Air Lines
AA,2021-12-27T05:00:00Z,12,27,2021,0493,N987AN,CLT,American Airlines
AA,2021-12-27T05:00:00Z,12,27,2021,1553,N9015D,EGE,American Airlines
AA,2021-12-27T05:00:00Z,12,27,2021,2369,N985NN,PHX,American Airlines
AS,2021-12-27T05:00:00Z,12,27,2021,0007,N927VA,SEA,Alaska Airlines
AS,2021-12-27T05:00:00Z,12,27,2021,0479,N487AS,PDX,Alaska Airlines
AS,2021-12-27T05:00:00Z,12,27,2021,0627,N464AS,SFO,Alaska Airlines
B6,2021-12-27T05:00:00Z,12,27,2021,0102,N324JB,BUF,JetBlue Airways
B6,2021-12-27T05:00:00Z,12,27,2021,0163,N621JB,SRQ,JetBlue Airways
B6,2021-12-27T05:00:00Z,12,27,2021,0295,N784JB,AUS,JetBlue Airways
B6,2021-12-27T05:00:00Z,12,27,2021,0425,N653JB,TPA,JetBlue Airways
B6,2021-12-27T05:00:00Z,12,27,2021,0583,N2048J,MCO,JetBlue Airways
B6,2021-12-27T05:00:00Z,12,27,2021,0745,N629JB,PSE,JetBlue Airways
B6,2021-12-27T05:00:00Z,12,27,2021,0776,N267JB,ORH,JetBlue Airways
B6,2021-12-27T05:00:00Z,12,27,2021,0841,N346JB,SAV,JetBlue Airways
B6,2021-12-27T05:00:00Z,12,27,2021,1005,N586JB,PDX,JetBlue Airways
B6,2021-12-27T05:00:00Z,12,27,2021,1261,N970JB,LAS,JetBlue Airways
B6,2021-12-27T05:00:00Z,12,27,2021,1277,N653JB,JAX,JetBlue Airways
B6,2021-12-27T05:00:00Z,12,27,2021,1634,N324JB,BTV,JetBlue Airways
B6,2021-12-27T05:00:00Z,12,27,2021,2155,N318JB,EYW,JetBlue Airways
DL,2021-12-27T05:00:00Z,12,27,2021,0452,N704X,SEA,Delta Air Lines
DL,2021-12-27T05:00:00Z,12,27,2021,0460,N838MH,SEA,Delta Air Lines
DL,2021-12-27T05:00:00Z,12,27,2021,0795,N834MH,PHX,Delta Air Lines
DL,2021-12-27T05:00:00Z,12,27,2021,1175,N108DQ,AUS,Delta Air Lines
UA,2021-12-27T05:00:00Z,12,27,2021,0517,NA,LAX,United Air Lines
AA,2021-12-28T05:00:00Z,12,28,2021,1875,N928NN,FLL,American Airlines
AA,2021-12-28T05:00:00Z,12,28,2021,2643,N932NN,CLT,American Airlines
AS,2021-12-28T05:00:00Z,12,28,2021,0221,N924VA,SEA,Alaska Airlines
AS,2021-12-28T05:00:00Z,12,28,2021,0479,N287AK,PDX,Alaska Airlines
AS,2021-12-28T05:00:00Z,12,28,2021,0629,N462AS,SFO,Alaska Airlines
AS,2021-12-28T05:00:00Z,12,28,2021,0769,N413AS,SFO,Alaska Airlines
B6,2021-12-28T05:00:00Z,12,28,2021,0053,N630JB,PBI,JetBlue Airways
B6,2021-12-28T05:00:00Z,12,28,2021,0225,N766JB,TPA,JetBlue Airways
B6,2021-12-28T05:00:00Z,12,28,2021,0263,N981JT,SEA,JetBlue Airways
B6,2021-12-28T05:00:00Z,12,28,2021,0776,N231JB,ORH,JetBlue Airways
B6,2021-12-28T05:00:00Z,12,28,2021,0841,N247JB,SAV,JetBlue Airways
B6,2021-12-28T05:00:00Z,12,28,2021,1119,N198JB,ATL,JetBlue Airways
B6,2021-12-28T05:00:00Z,12,28,2021,1483,N2044J,MCO,JetBlue Airways
DL,2021-12-28T05:00:00Z,12,28,2021,0302,N833MH,LAX,Delta Air Lines
UA,2021-12-28T05:00:00Z,12,28,2021,0523,NA,SFO,United Air Lines
AS,2021-12-29T05:00:00Z,12,29,2021,0007,N921VA,SEA,Alaska Airlines
B6,2021-12-29T05:00:00Z,12,29,2021,0116,N267JB,SYR,JetBlue Airways
B6,2021-12-29T05:00:00Z,12,29,2021,0355,N995JL,ONT,JetBlue Airways
B6,2021-12-29T05:00:00Z,12,29,2021,0385,N316JB,RDU,JetBlue Airways
B6,2021-12-29T05:00:00Z,12,29,2021,0486,N192JB,ROC,JetBlue Airways
B6,2021-12-29T05:00:00Z,12,29,2021,0518,N247JB,BOS,JetBlue Airways
B6,2021-12-29T05:00:00Z,12,29,2021,0575,N796JB,MSY,JetBlue Airways
B6,2021-12-29T05:00:00Z,12,29,2021,0586,N328JB,ROC,JetBlue Airways
B6,2021-12-29T05:00:00Z,12,29,2021,0669,N570JB,SJC,JetBlue Airways
B6,2021-12-29T05:00:00Z,12,29,2021,0745,N655JB,PSE,JetBlue Airways
B6,2021-12-29T05:00:00Z,12,29,2021,0803,N789JB,SJU,JetBlue Airways
B6,2021-12-29T05:00:00Z,12,29,2021,0839,N2029J,BQN,JetBlue Airways
B6,2021-12-29T05:00:00Z,12,29,2021,1073,N323JB,BNA,JetBlue Airways
B6,2021-12-29T05:00:00Z,12,29,2021,1415,N935JB,SFO,JetBlue Airways
B6,2021-12-29T05:00:00Z,12,29,2021,1881,N645JB,IAH,JetBlue Airways
B6,2021-12-29T05:00:00Z,12,29,2021,2103,N956JT,SJU,JetBlue Airways
B6,2021-12-29T05:00:00Z,12,29,2021,2893,N809JB,MIA,JetBlue Airways
DL,2021-12-29T05:00:00Z,12,29,2021,0445,N827MH,LAS,Delta Air Lines
DL,2021-12-29T05:00:00Z,12,29,2021,0639,N858DZ,SJU,Delta Air Lines
DL,2021-12-29T05:00:00Z,12,29,2021,2422,N325DN,MCO,Delta Air Lines
UA,2021-12-29T05:00:00Z,12,29,2021,0521,NA,SFO,United Air Lines
B6,2021-12-30T05:00:00Z,12,30,2021,0071,N580JB,SLC,JetBlue Airways
B6,2021-12-30T05:00:00Z,12,30,2021,0081,N586JB,RNO,JetBlue Airways
B6,2021-12-30T05:00:00Z,12,30,2021,0084,N958JB,MCO,JetBlue Airways
B6,2021-12-30T05:00:00Z,12,30,2021,0105,N317JB,ORD,JetBlue Airways
B6,2021-12-30T05:00:00Z,12,30,2021,0116,N216JB,SYR,JetBlue Airways
B6,2021-12-30T05:00:00Z,12,30,2021,0234,N238JB,BTV,JetBlue Airways
B6,2021-12-30T05:00:00Z,12,30,2021,0383,N337JB,MCO,JetBlue Airways
B6,2021-12-30T05:00:00Z,12,30,2021,0453,N768JB,PBI,JetBlue Airways
B6,2021-12-30T05:00:00Z,12,30,2021,0486,N309JB,ROC,JetBlue Airways
B6,2021-12-30T05:00:00Z,12,30,2021,0518,N236JB,BOS,JetBlue Airways
B6,2021-12-30T05:00:00Z,12,30,2021,0523,N2142J,LAX,JetBlue Airways
B6,2021-12-30T05:00:00Z,12,30,2021,0553,N621JB,PBI,JetBlue Airways
B6,2021-12-30T05:00:00Z,12,30,2021,0617,N216JB,MSP,JetBlue Airways
B6,2021-12-30T05:00:00Z,12,30,2021,0725,N586JB,SAT,JetBlue Airways
B6,2021-12-30T05:00:00Z,12,30,2021,0776,N337JB,ORH,JetBlue Airways
B6,2021-12-30T05:00:00Z,12,30,2021,0795,N621JB,AUS,JetBlue Airways
B6,2021-12-30T05:00:00Z,12,30,2021,0803,N570JB,SJU,JetBlue Airways
B6,2021-12-30T05:00:00Z,12,30,2021,0839,N2060J,BQN,JetBlue Airways
B6,2021-12-30T05:00:00Z,12,30,2021,0841,N179JB,SAV,JetBlue Airways
B6,2021-12-30T05:00:00Z,12,30,2021,0915,N964JT,SFO,JetBlue Airways
B6,2021-12-30T05:00:00Z,12,30,2021,0919,N179JB,ATL,JetBlue Airways
B6,2021-12-30T05:00:00Z,12,30,2021,1019,N346JB,DTW,JetBlue Airways
B6,2021-12-30T05:00:00Z,12,30,2021,1073,N238JB,BNA,JetBlue Airways
B6,2021-12-30T05:00:00Z,12,30,2021,1849,N636JB,PSP,JetBlue Airways
B6,2021-12-30T05:00:00Z,12,30,2021,2029,N509JB,RSW,JetBlue Airways
B6,2021-12-30T05:00:00Z,12,30,2021,2155,N238JB,EYW,JetBlue Airways
B6,2021-12-30T05:00:00Z,12,30,2021,2402,N284JB,BUF,JetBlue Airways
B6,2021-12-30T05:00:00Z,12,30,2021,2473,N309JB,CHS,JetBlue Airways
DL,2021-12-30T05:00:00Z,12,30,2021,0338,N624AG,SAN,Delta Air Lines
DL,2021-12-30T05:00:00Z,12,30,2021,0343,N192DN,SFO,Delta Air Lines
DL,2021-12-30T05:00:00Z,12,30,2021,0354,N184DN,SLC,Delta Air Lines
DL,2021-12-30T05:00:00Z,12,30,2021,0452,N722TW,SEA,Delta Air Lines
DL,2021-12-30T05:00:00Z,12,30,2021,1406,N394DA,TPA,Delta Air Lines
DL,2021-12-30T05:00:00Z,12,30,2021,2265,N858DZ,RSW,Delta Air Lines
DL,2021-12-30T05:00:00Z,12,30,2021,2422,N327DN,MCO,Delta Air Lines
UA,2021-12-30T05:00:00Z,12,30,2021,0515,NA,LAX,United Air Lines
AA,2021-12-31T05:00:00Z,12,31,2021,2369,N993NN,PHX,American Airlines
B6,2021-12-31T05:00:00Z,12,31,2021,0053,N768JB,PBI,JetBlue Airways
B6,2021-12-31T05:00:00Z,12,31,2021,0065,N779JB,ABQ,JetBlue Airways
B6,2021-12-31T05:00:00Z,12,31,2021,0089,N944JT,SAN,JetBlue Airways
B6,2021-12-31T05:00:00Z,12,31,2021,0295,N646JB,AUS,JetBlue Airways
B6,2021-12-31T05:00:00Z,12,31,2021,0341,N279JB,SAV,JetBlue Airways
B6,2021-12-31T05:00:00Z,12,31,2021,0383,N192JB,MCO,JetBlue Airways
B6,2021-12-31T05:00:00Z,12,31,2021,0385,N179JB,RDU,JetBlue Airways
B6,2021-12-31T05:00:00Z,12,31,2021,0486,N346JB,ROC,JetBlue Airways
B6,2021-12-31T05:00:00Z,12,31,2021,0518,N193JB,BOS,JetBlue Airways
B6,2021-12-31T05:00:00Z,12,31,2021,0523,N2105J,LAX,JetBlue Airways
B6,2021-12-31T05:00:00Z,12,31,2021,0525,N216JB,TPA,JetBlue Airways
B6,2021-12-31T05:00:00Z,12,31,2021,0601,N651JB,FLL,JetBlue Airways
B6,2021-12-31T05:00:00Z,12,31,2021,0725,N531JL,SAT,JetBlue Airways
B6,2021-12-31T05:00:00Z,12,31,2021,0745,N569JB,PSE,JetBlue Airways
B6,2021-12-31T05:00:00Z,12,31,2021,0753,N607JB,PBI,JetBlue Airways
B6,2021-12-31T05:00:00Z,12,31,2021,0776,N179JB,ORH,JetBlue Airways
B6,2021-12-31T05:00:00Z,12,31,2021,0823,N983JT,LAX,JetBlue Airways
B6,2021-12-31T05:00:00Z,12,31,2021,0915,N984JB,SFO,JetBlue Airways
B6,2021-12-31T05:00:00Z,12,31,2021,1183,N995JL,MCO,JetBlue Airways
B6,2021-12-31T05:00:00Z,12,31,2021,1201,N547JB,FLL,JetBlue Airways
B6,2021-12-31T05:00:00Z,12,31,2021,1277,N805JB,JAX,JetBlue Airways
B6,2021-12-31T05:00:00Z,12,31,2021,1601,N2060J,FLL,JetBlue Airways
B6,2021-12-31T05:00:00Z,12,31,2021,1701,N586JB,FLL,JetBlue Airways
B6,2021-12-31T05:00:00Z,12,31,2021,2155,N351JB,EYW,JetBlue Airways
B6,2021-12-31T05:00:00Z,12,31,2021,2516,N317JB,SYR,JetBlue Airways
B6,2021-12-31T05:00:00Z,12,31,2021,2893,N636JB,MIA,JetBlue Airways
DL,2021-12-31T05:00:00Z,12,31,2021,0430,N836MH,LAS,Delta Air Lines
9E,2022-01-01T05:00:00Z,1,1,2022,4654,N298PQ,DTW,Endeavor Air
AA,2022-01-01T05:00:00Z,1,1,2022,1245,N946AN,ORD,American Airlines
AA,2022-01-01T05:00:00Z,1,1,2022,2813,N967NN,AUS,American Airlines
AS,2022-01-01T05:00:00Z,1,1,2022,0479,N478AS,PDX,Alaska Airlines
AS,2022-01-01T05:00:00Z,1,1,2022,0657,N927VA,SFO,Alaska Airlines
AS,2022-01-01T05:00:00Z,1,1,2022,0900,N431AS,SAN,Alaska Airlines
B6,2022-01-01T05:00:00Z,1,1,2022,0001,N998JE,FLL,JetBlue Airways
B6,2022-01-01T05:00:00Z,1,1,2022,0163,N231JB,SRQ,JetBlue Airways
B6,2022-01-01T05:00:00Z,1,1,2022,0186,N298JB,ROC,JetBlue Airways
B6,2022-01-01T05:00:00Z,1,1,2022,0234,N206JB,BTV,JetBlue Airways
B6,2022-01-01T05:00:00Z,1,1,2022,0285,N346JB,RDU,JetBlue Airways
B6,2022-01-01T05:00:00Z,1,1,2022,0553,N570JB,PBI,JetBlue Airways
B6,2022-01-01T05:00:00Z,1,1,2022,0723,N2105J,LAX,JetBlue Airways
B6,2022-01-01T05:00:00Z,1,1,2022,0803,N779JB,SJU,JetBlue Airways
B6,2022-01-01T05:00:00Z,1,1,2022,0841,N351JB,SAV,JetBlue Airways
B6,2022-01-01T05:00:00Z,1,1,2022,1083,N192JB,MCO,JetBlue Airways
B6,2022-01-01T05:00:00Z,1,1,2022,1119,N351JB,ATL,JetBlue Airways
B6,2022-01-01T05:00:00Z,1,1,2022,1483,N966JT,MCO,JetBlue Airways
B6,2022-01-01T05:00:00Z,1,1,2022,2155,N374JB,EYW,JetBlue Airways
B6,2022-01-01T05:00:00Z,1,1,2022,2402,N206JB,BUF,JetBlue Airways
DL,2022-01-01T05:00:00Z,1,1,2022,0343,N169DZ,SFO,Delta Air Lines
DL,2022-01-01T05:00:00Z,1,1,2022,0350,N717TW,SAN,Delta Air Lines
DL,2022-01-01T05:00:00Z,1,1,2022,0351,N840MH,LAX,Delta Air Lines
DL,2022-01-01T05:00:00Z,1,1,2022,0353,N828MH,LAX,Delta Air Lines
DL,2022-01-01T05:00:00Z,1,1,2022,0371,N827MH,LAS,Delta Air Lines
DL,2022-01-01T05:00:00Z,1,1,2022,0522,N624AG,SEA,Delta Air Lines
DL,2022-01-01T05:00:00Z,1,1,2022,0675,N113DQ,BOS,Delta Air Lines
DL,2022-01-01T05:00:00Z,1,1,2022,0863,N895DN,ATL,Delta Air Lines
DL,2022-01-01T05:00:00Z,1,1,2022,1077,N876DN,DEN,Delta Air Lines
DL,2022-01-01T05:00:00Z,1,1,2022,1272,N330DX,FLL,Delta Air Lines
DL,2022-01-01T05:00:00Z,1,1,2022,2090,N3761R,TPA,Delta Air Lines
DL,2022-01-01T05:00:00Z,1,1,2022,2219,N3765,MIA,Delta Air Lines
DL,2022-01-01T05:00:00Z,1,1,2022,2265,N824DN,RSW,Delta Air Lines
DL,2022-01-01T05:00:00Z,1,1,2022,2422,N111DC,MCO,Delta Air Lines
DL,2022-01-01T05:00:00Z,1,1,2022,2994,N108DQ,PBI,Delta Air Lines
UA,2022-01-01T05:00:00Z,1,1,2022,0521,NA,SFO,United Air Lines
YX,2022-01-01T05:00:00Z,1,1,2022,5607,N226JQ,ORD,Republic Airways
YX,2022-01-01T05:00:00Z,1,1,2022,5608,N231JQ,ORD,Republic Airways
YX,2022-01-01T05:00:00Z,1,1,2022,5809,N214JQ,ORD,Republic Airways
9E,2022-01-02T05:00:00Z,1,2,2022,4778,N200PQ,IAD,Endeavor Air
9E,2022-01-02T05:00:00Z,1,2,2022,4865,N909XJ,ROC,Endeavor Air
9E,2022-01-02T05:00:00Z,1,2,2022,4981,N182GJ,BWI,Endeavor Air
9E,2022-01-02T05:00:00Z,1,2,2022,5020,N326PQ,RIC,Endeavor Air
9E,2022-01-02T05:00:00Z,1,2,2022,5053,N200PQ,PIT,Endeavor Air
9E,2022-01-02T05:00:00Z,1,2,2022,5153,N678CA,SAV,Endeavor Air
9E,2022-01-02T05:00:00Z,1,2,2022,5241,N678CA,CHS,Endeavor Air
AA,2022-01-02T05:00:00Z,1,2,2022,2234,N317PG,DFW,American Airlines
AA,2022-01-02T05:00:00Z,1,2,2022,2369,N947NN,PHX,American Airlines
AA,2022-01-02T05:00:00Z,1,2,2022,2819,N303RE,ORD,American Airlines
B6,2022-01-02T05:00:00Z,1,2,2022,0102,N292JB,BUF,JetBlue Airways
B6,2022-01-02T05:00:00Z,1,2,2022,0234,N228JB,BTV,JetBlue Airways
B6,2022-01-02T05:00:00Z,1,2,2022,0293,N503JB,SJU,JetBlue Airways
B6,2022-01-02T05:00:00Z,1,2,2022,0383,N265JB,MCO,JetBlue Airways
B6,2022-01-02T05:00:00Z,1,2,2022,0453,N598JB,PBI,JetBlue Airways
B6,2022-01-02T05:00:00Z,1,2,2022,0518,N179JB,BOS,JetBlue Airways
B6,2022-01-02T05:00:00Z,1,2,2022,0525,N238JB,TPA,JetBlue Airways
B6,2022-01-02T05:00:00Z,1,2,2022,0586,N229JB,ROC,JetBlue Airways
B6,2022-01-02T05:00:00Z,1,2,2022,0601,N612JB,FLL,JetBlue Airways
B6,2022-01-02T05:00:00Z,1,2,2022,0617,N206JB,MSP,JetBlue Airways
B6,2022-01-02T05:00:00Z,1,2,2022,0677,N593JB,JAX,JetBlue Airways
B6,2022-01-02T05:00:00Z,1,2,2022,0711,N985JT,LAS,JetBlue Airways
B6,2022-01-02T05:00:00Z,1,2,2022,0723,N2142J,LAX,JetBlue Airways
B6,2022-01-02T05:00:00Z,1,2,2022,0776,N265JB,ORH,JetBlue Airways
B6,2022-01-02T05:00:00Z,1,2,2022,0795,N510JB,AUS,JetBlue Airways
B6,2022-01-02T05:00:00Z,1,2,2022,0823,N993JE,LAX,JetBlue Airways
B6,2022-01-02T05:00:00Z,1,2,2022,0841,N274JB,SAV,JetBlue Airways
B6,2022-01-02T05:00:00Z,1,2,2022,0915,N984JB,SFO,JetBlue Airways
B6,2022-01-02T05:00:00Z,1,2,2022,1019,N375JB,DTW,JetBlue Airways
B6,2022-01-02T05:00:00Z,1,2,2022,1073,N228JB,BNA,JetBlue Airways
B6,2022-01-02T05:00:00Z,1,2,2022,1083,N267JB,MCO,JetBlue Airways
B6,2022-01-02T05:00:00Z,1,2,2022,1318,N190JB,BOS,JetBlue Airways
B6,2022-01-02T05:00:00Z,1,2,2022,1483,N975JT,MCO,JetBlue Airways
B6,2022-01-02T05:00:00Z,1,2,2022,1601,N2086J,FLL,JetBlue Airways
B6,2022-01-02T05:00:00Z,1,2,2022,1701,N587JB,FLL,JetBlue Airways
B6,2022-01-02T05:00:00Z,1,2,2022,1849,N509JB,PSP,JetBlue Airways
B6,2022-01-02T05:00:00Z,1,2,2022,1853,N2038J,PBI,JetBlue Airways
B6,2022-01-02T05:00:00Z,1,2,2022,2029,N534JB,RSW,JetBlue Airways
B6,2022-01-02T05:00:00Z,1,2,2022,2223,N937JB,LAX,JetBlue Airways
B6,2022-01-02T05:00:00Z,1,2,2022,2473,N284JB,CHS,JetBlue Airways
B6,2022-01-02T05:00:00Z,1,2,2022,2516,N316JB,SYR,JetBlue Airways
B6,2022-01-02T05:00:00Z,1,2,2022,2593,N644JB,MIA,JetBlue Airways
B6,2022-01-02T05:00:00Z,1,2,2022,2802,N229JB,BUF,JetBlue Airways
DL,2022-01-02T05:00:00Z,1,2,2022,0314,N174DZ,SFO,Delta Air Lines
DL,2022-01-02T05:00:00Z,1,2,2022,0343,N198DN,SFO,Delta Air Lines
DL,2022-01-02T05:00:00Z,1,2,2022,1272,N115DN,FLL,Delta Air Lines
DL,2022-01-02T05:00:00Z,1,2,2022,2219,N3754A,MIA,Delta Air Lines
DL,2022-01-02T05:00:00Z,1,2,2022,2422,N328DN,MCO,Delta Air Lines
YX,2022-01-02T05:00:00Z,1,2,2022,4526,N103HQ,ORF,Republic Airways
YX,2022-01-02T05:00:00Z,1,2,2022,4537,N453YX,RIC,Republic Airways
YX,2022-01-02T05:00:00Z,1,2,2022,4681,N119HQ,BWI,Republic Airways
YX,2022-01-02T05:00:00Z,1,2,2022,5607,N244JQ,ORD,Republic Airways
YX,2022-01-02T05:00:00Z,1,2,2022,5763,N229JQ,DCA,Republic Airways
9E,2022-01-03T05:00:00Z,1,3,2022,4634,N326PQ,MSP,Endeavor Air
9E,2022-01-03T05:00:00Z,1,3,2022,5043,N931XJ,CLE,Endeavor Air
9E,2022-01-03T05:00:00Z,1,3,2022,5096,N695CA,PWM,Endeavor Air
9E,2022-01-03T05:00:00Z,1,3,2022,5199,N138EV,BWI,Endeavor Air
AA,2022-01-03T05:00:00Z,1,3,2022,1479,N991AU,MIA,American Airlines
AS,2022-01-03T05:00:00Z,1,3,2022,0657,N921VA,SFO,Alaska Airlines
B6,2022-01-03T05:00:00Z,1,3,2022,0097,N966JT,DEN,JetBlue Airways
B6,2022-01-03T05:00:00Z,1,3,2022,0116,N228JB,SYR,JetBlue Airways
B6,2022-01-03T05:00:00Z,1,3,2022,0135,N950JT,PHX,JetBlue Airways
B6,2022-01-03T05:00:00Z,1,3,2022,0186,N238JB,ROC,JetBlue Airways
B6,2022-01-03T05:00:00Z,1,3,2022,0234,N317JB,BTV,JetBlue Airways
B6,2022-01-03T05:00:00Z,1,3,2022,0285,N284JB,RDU,JetBlue Airways
B6,2022-01-03T05:00:00Z,1,3,2022,0341,N197JB,SAV,JetBlue Airways
B6,2022-01-03T05:00:00Z,1,3,2022,0383,N179JB,MCO,JetBlue Airways
B6,2022-01-03T05:00:00Z,1,3,2022,0518,N317JB,BOS,JetBlue Airways
B6,2022-01-03T05:00:00Z,1,3,2022,0617,N228JB,MSP,JetBlue Airways
B6,2022-01-03T05:00:00Z,1,3,2022,0711,N991JT,LAS,JetBlue Airways
B6,2022-01-03T05:00:00Z,1,3,2022,0725,N644JB,SAT,JetBlue Airways
B6,2022-01-03T05:00:00Z,1,3,2022,0776,N354JB,ORH,JetBlue Airways
B6,2022-01-03T05:00:00Z,1,3,2022,0919,N294JB,ATL,JetBlue Airways
B6,2022-01-03T05:00:00Z,1,3,2022,1019,N274JB,DTW,JetBlue Airways
B6,2022-01-03T05:00:00Z,1,3,2022,1073,N317JB,BNA,JetBlue Airways
B6,2022-01-03T05:00:00Z,1,3,2022,1083,N193JB,MCO,JetBlue Airways
B6,2022-01-03T05:00:00Z,1,3,2022,1849,N613JB,PSP,JetBlue Airways
B6,2022-01-03T05:00:00Z,1,3,2022,1881,N615JB,IAH,JetBlue Airways
B6,2022-01-03T05:00:00Z,1,3,2022,2223,N923JB,LAX,JetBlue Airways
B6,2022-01-03T05:00:00Z,1,3,2022,2402,N238JB,BUF,JetBlue Airways
DL,2022-01-03T05:00:00Z,1,3,2022,0442,N172DZ,SFO,Delta Air Lines
DL,2022-01-03T05:00:00Z,1,3,2022,1036,N108DQ,DFW,Delta Air Lines
DL,2022-01-03T05:00:00Z,1,3,2022,2969,N101DU,MSY,Delta Air Lines
UA,2022-01-03T05:00:00Z,1,3,2022,0517,NA,LAX,United Air Lines
YX,2022-01-03T05:00:00Z,1,3,2022,4537,N435YX,RIC,Republic Airways
YX,2022-01-03T05:00:00Z,1,3,2022,4552,N109HQ,DCA,Republic Airways
YX,2022-01-03T05:00:00Z,1,3,2022,4602,N449YX,DCA,Republic Airways
YX,2022-01-03T05:00:00Z,1,3,2022,4649,N444YX,DCA,Republic Airways
YX,2022-01-03T05:00:00Z,1,3,2022,4655,N422YX,DCA,Republic Airways
YX,2022-01-03T05:00:00Z,1,3,2022,4666,NA,CLE,Republic Airways
YX,2022-01-03T05:00:00Z,1,3,2022,4671,N453YX,RIC,Republic Airways
YX,2022-01-03T05:00:00Z,1,3,2022,4678,N443YX,CLE,Republic Airways
YX,2022-01-03T05:00:00Z,1,3,2022,4681,N128HQ,BWI,Republic Airways
YX,2022-01-03T05:00:00Z,1,3,2022,4687,N428YX,BWI,Republic Airways
YX,2022-01-03T05:00:00Z,1,3,2022,4692,N104HQ,DCA,Republic Airways
YX,2022-01-03T05:00:00Z,1,3,2022,4712,N439YX,RIC,Republic Airways
YX,2022-01-03T05:00:00Z,1,3,2022,4726,N128HQ,ORF,Republic Airways
YX,2022-01-03T05:00:00Z,1,3,2022,5657,N224JQ,CLT,Republic Airways
YX,2022-01-03T05:00:00Z,1,3,2022,5665,N229JQ,DCA,Republic Airways
YX,2022-01-03T05:00:00Z,1,3,2022,5668,N212JQ,DCA,Republic Airways
YX,2022-01-03T05:00:00Z,1,3,2022,5731,N242JQ,DCA,Republic Airways
YX,2022-01-03T05:00:00Z,1,3,2022,5763,N212JQ,DCA,Republic Airways
AA,2022-01-04T05:00:00Z,1,4,2022,2222,N116AN,BOS,American Airlines
AS,2022-01-04T05:00:00Z,1,4,2022,0393,N586AS,SAN,Alaska Airlines
B6,2022-01-04T05:00:00Z,1,4,2022,0186,N267JB,ROC,JetBlue Airways
B6,2022-01-04T05:00:00Z,1,4,2022,0234,N368JB,BTV,JetBlue Airways
B6,2022-01-04T05:00:00Z,1,4,2022,0293,N618JB,SJU,JetBlue Airways
B6,2022-01-04T05:00:00Z,1,4,2022,0383,N298JB,MCO,JetBlue Airways
B6,2022-01-04T05:00:00Z,1,4,2022,0439,N640JB,BQN,JetBlue Airways
B6,2022-01-04T05:00:00Z,1,4,2022,0518,N348JB,BOS,JetBlue Airways
B6,2022-01-04T05:00:00Z,1,4,2022,0617,N317JB,MSP,JetBlue Airways
B6,2022-01-04T05:00:00Z,1,4,2022,0623,N969JT,LAX,JetBlue Airways
B6,2022-01-04T05:00:00Z,1,4,2022,0753,N607JB,PBI,JetBlue Airways
B6,2022-01-04T05:00:00Z,1,4,2022,0776,N298JB,ORH,JetBlue Airways
B6,2022-01-04T05:00:00Z,1,4,2022,0841,N334JB,SAV,JetBlue Airways
B6,2022-01-04T05:00:00Z,1,4,2022,0919,N346JB,ATL,JetBlue Airways
B6,2022-01-04T05:00:00Z,1,4,2022,1073,N368JB,BNA,JetBlue Airways
B6,2022-01-04T05:00:00Z,1,4,2022,1083,N231JB,MCO,JetBlue Airways
B6,2022-01-04T05:00:00Z,1,4,2022,1273,N655JB,CHS,JetBlue Airways
B6,2022-01-04T05:00:00Z,1,4,2022,1283,N652JB,MCO,JetBlue Airways
B6,2022-01-04T05:00:00Z,1,4,2022,1853,N2016J,PBI,JetBlue Airways
B6,2022-01-04T05:00:00Z,1,4,2022,2402,N267JB,BUF,JetBlue Airways
DL,2022-01-04T05:00:00Z,1,4,2022,0343,N193DN,SFO,Delta Air Lines
DL,2022-01-04T05:00:00Z,1,4,2022,0350,N704X,SAN,Delta Air Lines
DL,2022-01-04T05:00:00Z,1,4,2022,0522,N712TW,SEA,Delta Air Lines
UA,2022-01-04T05:00:00Z,1,4,2022,0523,NA,SFO,United Air Lines
YX,2022-01-04T05:00:00Z,1,4,2022,4636,N128HQ,DCA,Republic Airways
YX,2022-01-04T05:00:00Z,1,4,2022,4671,N409YX,RIC,Republic Airways
YX,2022-01-04T05:00:00Z,1,4,2022,5606,N212JQ,JAX,Republic Airways
AA,2022-01-05T05:00:00Z,1,5,2022,1553,N4032T,EGE,American Airlines
B6,2022-01-05T05:00:00Z,1,5,2022,0102,N348JB,BUF,JetBlue Airways
DL,2022-01-05T05:00:00Z,1,5,2022,0797,N391DA,PBI,Delta Air Lines
DL,2022-01-05T05:00:00Z,1,5,2022,1104,N826MH,LAS,Delta Air Lines
YX,2022-01-05T05:00:00Z,1,5,2022,4641,N422YX,DCA,Republic Airways
YX,2022-01-05T05:00:00Z,1,5,2022,4913,N129HQ,ORF,Republic Airways
9E,2022-01-06T05:00:00Z,1,6,2022,4778,N184GJ,IAD,Endeavor Air
9E,2022-01-06T05:00:00Z,1,6,2022,5023,N341PQ,BNA,Endeavor Air
9E,2022-01-06T05:00:00Z,1,6,2022,5057,N314PQ,BUF,Endeavor Air
9E,2022-01-06T05:00:00Z,1,6,2022,5282,N341PQ,BUF,Endeavor Air
AA,2022-01-06T05:00:00Z,1,6,2022,1444,N968AN,CLT,American Airlines
AA,2022-01-06T05:00:00Z,1,6,2022,1553,N12028,EGE,American Airlines
AA,2022-01-06T05:00:00Z,1,6,2022,1609,N115NN,BOS,American Airlines
AA,2022-01-06T05:00:00Z,1,6,2022,2643,N890NN,CLT,American Airlines
AS,2022-01-06T05:00:00Z,1,6,2022,0393,N214AK,SAN,Alaska Airlines
B6,2022-01-06T05:00:00Z,1,6,2022,2802,N258JB,BUF,JetBlue Airways
B6,2022-01-06T05:00:00Z,1,6,2022,2893,N644JB,MIA,JetBlue Airways
DL,2022-01-06T05:00:00Z,1,6,2022,0439,N172DZ,LAX,Delta Air Lines
DL,2022-01-06T05:00:00Z,1,6,2022,1542,N3771K,MSY,Delta Air Lines
YX,2022-01-06T05:00:00Z,1,6,2022,5615,N230JQ,BOS,Republic Airways
YX,2022-01-06T05:00:00Z,1,6,2022,5665,N237JQ,DCA,Republic Airways
YX,2022-01-06T05:00:00Z,1,6,2022,5763,N227JQ,DCA,Republic Airways
9E,2022-01-07T05:00:00Z,1,7,2022,4629,N311PQ,ORF,Endeavor Air
9E,2022-01-07T05:00:00Z,1,7,2022,4635,N924XJ,MSP,Endeavor Air
9E,2022-01-07T05:00:00Z,1,7,2022,4676,N538CA,DTW,Endeavor Air
9E,2022-01-07T05:00:00Z,1,7,2022,4716,N348PQ,ORD,Endeavor Air
9E,2022-01-07T05:00:00Z,1,7,2022,4726,N341PQ,ROC,Endeavor Air
9E,2022-01-07T05:00:00Z,1,7,2022,4761,N349PQ,CHS,Endeavor Air
9E,2022-01-07T05:00:00Z,1,7,2022,4801,N901XJ,IND,Endeavor Air
9E,2022-01-07T05:00:00Z,1,7,2022,4858,N329PQ,DTW,Endeavor Air
9E,2022-01-07T05:00:00Z,1,7,2022,4873,N296PQ,RDU,Endeavor Air
9E,2022-01-07T05:00:00Z,1,7,2022,4982,N304PQ,CLE,Endeavor Air
9E,2022-01-07T05:00:00Z,1,7,2022,5020,N602LR,RIC,Endeavor Air
9E,2022-01-07T05:00:00Z,1,7,2022,5053,N329PQ,PIT,Endeavor Air
9E,2022-01-07T05:00:00Z,1,7,2022,5057,N538CA,BUF,Endeavor Air
9E,2022-01-07T05:00:00Z,1,7,2022,5113,N348PQ,RDU,Endeavor Air
9E,2022-01-07T05:00:00Z,1,7,2022,5199,N329PQ,BWI,Endeavor Air
9E,2022-01-07T05:00:00Z,1,7,2022,5291,N307PQ,SAV,Endeavor Air
9E,2022-01-07T05:00:00Z,1,7,2022,5412,N491PX,BNA,Endeavor Air
9E,2022-01-07T05:00:00Z,1,7,2022,5470,N296PQ,CLT,Endeavor Air
AA,2022-01-07T05:00:00Z,1,7,2022,0001,N101NN,LAX,American Airlines
AA,2022-01-07T05:00:00Z,1,7,2022,0076,N117AN,SFO,American Airlines
AA,2022-01-07T05:00:00Z,1,7,2022,0171,N112AN,LAX,American Airlines
AA,2022-01-07T05:00:00Z,1,7,2022,0179,N103NN,SFO,American Airlines
AA,2022-01-07T05:00:00Z,1,7,2022,0327,N851NN,CLT,American Airlines
AA,2022-01-07T05:00:00Z,1,7,2022,0429,N105NN,SNA,American Airlines
AA,2022-01-07T05:00:00Z,1,7,2022,0495,N874NN,CLT,American Airlines
AA,2022-01-07T05:00:00Z,1,7,2022,0936,N8001N,STT,American Airlines
AA,2022-01-07T05:00:00Z,1,7,2022,1228,N327SK,MIA,American Airlines
AA,2022-01-07T05:00:00Z,1,7,2022,1330,N986NN,LAS,American Airlines
AA,2022-01-07T05:00:00Z,1,7,2022,1444,N929NN,CLT,American Airlines
AA,2022-01-07T05:00:00Z,1,7,2022,1487,N874NN,PHX,American Airlines
AA,2022-01-07T05:00:00Z,1,7,2022,1610,N752AN,MIA,American Airlines
AA,2022-01-07T05:00:00Z,1,7,2022,1637,N106NN,BOS,American Airlines
AA,2022-01-07T05:00:00Z,1,7,2022,1875,N851NN,FLL,American Airlines
AA,2022-01-07T05:00:00Z,1,7,2022,2222,N102NN,BOS,American Airlines
AA,2022-01-07T05:00:00Z,1,7,2022,2234,N342RX,DFW,American Airlines
AA,2022-01-07T05:00:00Z,1,7,2022,2268,N778AN,MIA,American Airlines
AA,2022-01-07T05:00:00Z,1,7,2022,2369,N358PW,PHX,American Airlines
AA,2022-01-07T05:00:00Z,1,7,2022,2643,N925AN,CLT,American Airlines
AA,2022-01-07T05:00:00Z,1,7,2022,2813,N953NN,AUS,American Airlines
AA,2022-01-07T05:00:00Z,1,7,2022,2819,N341RW,ORD,American Airlines
AS,2022-01-07T05:00:00Z,1,7,2022,0014,N471AS,SFO,Alaska Airlines
AS,2022-01-07T05:00:00Z,1,7,2022,0027,N928VA,SFO,Alaska Airlines
AS,2022-01-07T05:00:00Z,1,7,2022,0063,N495AS,SEA,Alaska Airlines
AS,2022-01-07T05:00:00Z,1,7,2022,0077,N478AS,SEA,Alaska Airlines
AS,2022-01-07T05:00:00Z,1,7,2022,0185,N525AS,SFO,Alaska Airlines
AS,2022-01-07T05:00:00Z,1,7,2022,0186,N481AS,PDX,Alaska Airlines
B6,2022-01-07T05:00:00Z,1,7,2022,0001,N624JB,FLL,JetBlue Airways
B6,2022-01-07T05:00:00Z,1,7,2022,0015,N945JT,SFO,JetBlue Airways
B6,2022-01-07T05:00:00Z,1,7,2022,0053,N760JB,PBI,JetBlue Airways
B6,2022-01-07T05:00:00Z,1,7,2022,0116,N375JB,SYR,JetBlue Airways
B6,2022-01-07T05:00:00Z,1,7,2022,0118,N306JB,BOS,JetBlue Airways
B6,2022-01-07T05:00:00Z,1,7,2022,0125,N590JB,TPA,JetBlue Airways
B6,2022-01-07T05:00:00Z,1,7,2022,0163,N821JB,SRQ,JetBlue Airways
B6,2022-01-07T05:00:00Z,1,7,2022,0186,N358JB,ROC,JetBlue Airways
B6,2022-01-07T05:00:00Z,1,7,2022,0201,N972JT,FLL,JetBlue Airways
B6,2022-01-07T05:00:00Z,1,7,2022,0295,N789JB,AUS,JetBlue Airways
B6,2022-01-07T05:00:00Z,1,7,2022,0459,N2039J,BUR,JetBlue Airways
B6,2022-01-07T05:00:00Z,1,7,2022,0518,N316JB,BOS,JetBlue Airways
B6,2022-01-07T05:00:00Z,1,7,2022,0519,N621JB,ATL,JetBlue Airways
B6,2022-01-07T05:00:00Z,1,7,2022,0583,N2059J,MCO,JetBlue Airways
B6,2022-01-07T05:00:00Z,1,7,2022,0677,N763JB,JAX,JetBlue Airways
B6,2022-01-07T05:00:00Z,1,7,2022,0709,N579JB,DFW,JetBlue Airways
B6,2022-01-07T05:00:00Z,1,7,2022,0711,N954JB,LAS,JetBlue Airways
B6,2022-01-07T05:00:00Z,1,7,2022,0723,N969JT,LAX,JetBlue Airways
B6,2022-01-07T05:00:00Z,1,7,2022,0776,N358JB,ORH,JetBlue Airways
B6,2022-01-07T05:00:00Z,1,7,2022,0841,N329JB,SAV,JetBlue Airways
B6,2022-01-07T05:00:00Z,1,7,2022,0853,N655JB,PBI,JetBlue Airways
B6,2022-01-07T05:00:00Z,1,7,2022,0871,N805JB,SLC,JetBlue Airways
B6,2022-01-07T05:00:00Z,1,7,2022,0901,N2002J,FLL,JetBlue Airways
B6,2022-01-07T05:00:00Z,1,7,2022,1005,N621JB,PDX,JetBlue Airways
B6,2022-01-07T05:00:00Z,1,7,2022,1019,N238JB,DTW,JetBlue Airways
B6,2022-01-07T05:00:00Z,1,7,2022,1053,N635JB,PBI,JetBlue Airways
B6,2022-01-07T05:00:00Z,1,7,2022,1201,N284JB,FLL,JetBlue Airways
B6,2022-01-07T05:00:00Z,1,7,2022,1273,N324JB,CHS,JetBlue Airways
B6,2022-01-07T05:00:00Z,1,7,2022,1401,N956JT,FLL,JetBlue Airways
B6,2022-01-07T05:00:00Z,1,7,2022,1438,N715JB,BOS,JetBlue Airways
B6,2022-01-07T05:00:00Z,1,7,2022,1634,N216JB,BTV,JetBlue Airways
B6,2022-01-07T05:00:00Z,1,7,2022,2029,N641JB,RSW,JetBlue Airways
B6,2022-01-07T05:00:00Z,1,7,2022,2155,N284JB,EYW,JetBlue Airways
B6,2022-01-07T05:00:00Z,1,7,2022,2593,N709JB,MIA,JetBlue Airways
B6,2022-01-07T05:00:00Z,1,7,2022,2802,N228JB,BUF,JetBlue Airways
DL,2022-01-07T05:00:00Z,1,7,2022,0302,N833MH,LAX,Delta Air Lines
DL,2022-01-07T05:00:00Z,1,7,2022,0311,N196DN,SFO,Delta Air Lines
DL,2022-01-07T05:00:00Z,1,7,2022,0314,N188DN,SFO,Delta Air Lines
DL,2022-01-07T05:00:00Z,1,7,2022,0350,N624AG,SAN,Delta Air Lines
DL,2022-01-07T05:00:00Z,1,7,2022,0351,N188DN,LAX,Delta Air Lines
DL,2022-01-07T05:00:00Z,1,7,2022,0354,N696DL,SLC,Delta Air Lines
DL,2022-01-07T05:00:00Z,1,7,2022,0424,N398DN,ATL,Delta Air Lines
DL,2022-01-07T05:00:00Z,1,7,2022,0487,N1604R,SFO,Delta Air Lines
DL,2022-01-07T05:00:00Z,1,7,2022,0659,N333NB,AUS,Delta Air Lines
DL,2022-01-07T05:00:00Z,1,7,2022,0797,N3744F,PBI,Delta Air Lines
DL,2022-01-07T05:00:00Z,1,7,2022,0812,N330DX,MCO,Delta Air Lines
DL,2022-01-07T05:00:00Z,1,7,2022,0829,N813DN,PHX,Delta Air Lines
DL,2022-01-07T05:00:00Z,1,7,2022,0863,N863DN,ATL,Delta Air Lines
DL,2022-01-07T05:00:00Z,1,7,2022,1005,N129DU,DFW,Delta Air Lines
DL,2022-01-07T05:00:00Z,1,7,2022,1104,N825MH,LAS,Delta Air Lines
DL,2022-01-07T05:00:00Z,1,7,2022,1170,N712TW,DEN,Delta Air Lines
DL,2022-01-07T05:00:00Z,1,7,2022,1175,N342NB,AUS,Delta Air Lines
DL,2022-01-07T05:00:00Z,1,7,2022,1272,N351DN,FLL,Delta Air Lines
DL,2022-01-07T05:00:00Z,1,7,2022,1377,N375DA,MSY,Delta Air Lines
DL,2022-01-07T05:00:00Z,1,7,2022,1547,N694DL,STT,Delta Air Lines
DL,2022-01-07T05:00:00Z,1,7,2022,2127,N359DN,FLL,Delta Air Lines
DL,2022-01-07T05:00:00Z,1,7,2022,2219,N335DN,MIA,Delta Air Lines
DL,2022-01-07T05:00:00Z,1,7,2022,2433,N395DN,TPA,Delta Air Lines
DL,2022-01-07T05:00:00Z,1,7,2022,2469,N3742C,TPA,Delta Air Lines
DL,2022-01-07T05:00:00Z,1,7,2022,2638,N902DN,SEA,Delta Air Lines
DL,2022-01-07T05:00:00Z,1,7,2022,2776,N344DN,MIA,Delta Air Lines
YX,2022-01-07T05:00:00Z,1,7,2022,4527,N130HQ,ORF,Republic Airways
YX,2022-01-07T05:00:00Z,1,7,2022,4638,N129HQ,IND,Republic Airways
YX,2022-01-07T05:00:00Z,1,7,2022,4641,N138HQ,DCA,Republic Airways
YX,2022-01-07T05:00:00Z,1,7,2022,4666,N104HQ,CLE,Republic Airways
YX,2022-01-07T05:00:00Z,1,7,2022,4712,N452YX,RIC,Republic Airways
YX,2022-01-07T05:00:00Z,1,7,2022,4913,N138HQ,ORF,Republic Airways
YX,2022-01-07T05:00:00Z,1,7,2022,4926,N110HQ,RDU,Republic Airways
YX,2022-01-07T05:00:00Z,1,7,2022,5603,N226JQ,BOS,Republic Airways
YX,2022-01-07T05:00:00Z,1,7,2022,5606,N227JQ,JAX,Republic Airways
YX,2022-01-07T05:00:00Z,1,7,2022,5609,N236JQ,CMH,Republic Airways
YX,2022-01-07T05:00:00Z,1,7,2022,5615,N231JQ,BOS,Republic Airways
YX,2022-01-07T05:00:00Z,1,7,2022,5619,N203JQ,RDU,Republic Airways
YX,2022-01-07T05:00:00Z,1,7,2022,5630,N228JQ,CLT,Republic Airways
YX,2022-01-07T05:00:00Z,1,7,2022,5639,N209JQ,BOS,Republic Airways
YX,2022-01-07T05:00:00Z,1,7,2022,5668,N215JQ,DCA,Republic Airways
YX,2022-01-07T05:00:00Z,1,7,2022,5731,N230JQ,DCA,Republic Airways
YX,2022-01-07T05:00:00Z,1,7,2022,5747,N245JQ,JAX,Republic Airways
YX,2022-01-07T05:00:00Z,1,7,2022,5762,N240JQ,BOS,Republic Airways
YX,2022-01-07T05:00:00Z,1,7,2022,5809,N237JQ,ORD,Republic Airways
YX,2022-01-07T05:00:00Z,1,7,2022,5829,N238JQ,PIT,Republic Airways
AA,2022-01-08T05:00:00Z,1,8,2022,0830,N90024,JAC,American Airlines
AS,2022-01-08T05:00:00Z,1,8,2022,0077,N487AS,SEA,Alaska Airlines
AS,2022-01-08T05:00:00Z,1,8,2022,0186,N478AS,PDX,Alaska Airlines
AS,2022-01-08T05:00:00Z,1,8,2022,0221,N930VA,SEA,Alaska Airlines
B6,2022-01-08T05:00:00Z,1,8,2022,0676,N258JB,ORH,JetBlue Airways
B6,2022-01-08T05:00:00Z,1,8,2022,1019,N281JB,DTW,JetBlue Airways
B6,2022-01-08T05:00:00Z,1,8,2022,1201,N292JB,FLL,JetBlue Airways
B6,2022-01-08T05:00:00Z,1,8,2022,2402,N358JB,BUF,JetBlue Airways
DL,2022-01-08T05:00:00Z,1,8,2022,0445,N851NW,LAS,Delta Air Lines
YX,2022-01-08T05:00:00Z,1,8,2022,5607,N246JQ,ORD,Republic Airways
YX,2022-01-08T05:00:00Z,1,8,2022,5762,N209JQ,BOS,Republic Airways
AA,2022-01-09T05:00:00Z,1,9,2022,0936,N9019F,STT,American Airlines
AA,2022-01-09T05:00:00Z,1,9,2022,1444,N973AN,CLT,American Airlines
AA,2022-01-09T05:00:00Z,1,9,2022,1875,N949AN,FLL,American Airlines
AA,2022-01-09T05:00:00Z,1,9,2022,2643,N805NN,CLT,American Airlines
AS,2022-01-09T05:00:00Z,1,9,2022,0221,N921VA,SEA,Alaska Airlines
B6,2022-01-09T05:00:00Z,1,9,2022,1318,N239JB,BOS,JetBlue Airways
DL,2022-01-09T05:00:00Z,1,9,2022,0445,N852NW,LAS,Delta Air Lines
AS,2022-01-10T05:00:00Z,1,10,2022,0221,N923VA,SEA,Alaska Airlines
B6,2022-01-10T05:00:00Z,1,10,2022,0065,N608JB,ABQ,JetBlue Airways
B6,2022-01-10T05:00:00Z,1,10,2022,0097,N975JT,DEN,JetBlue Airways
B6,2022-01-10T05:00:00Z,1,10,2022,0809,N607JB,DFW,JetBlue Airways
B6,2022-01-10T05:00:00Z,1,10,2022,1005,N809JB,PDX,JetBlue Airways
DL,2022-01-10T05:00:00Z,1,10,2022,0343,N192DN,SFO,Delta Air Lines
DL,2022-01-10T05:00:00Z,1,10,2022,0675,N3771K,BOS,Delta Air Lines
DL,2022-01-10T05:00:00Z,1,10,2022,1427,N703TW,PDX,Delta Air Lines
AA,2022-01-11T05:00:00Z,1,11,2022,2305,N111ZM,SFO,American Airlines
B6,2022-01-11T05:00:00Z,1,11,2022,0425,N571JB,TPA,JetBlue Airways
B6,2022-01-11T05:00:00Z,1,11,2022,1003,N956JT,SJU,JetBlue Airways
B6,2022-01-11T05:00:00Z,1,11,2022,1005,N766JB,PDX,JetBlue Airways
B6,2022-01-11T05:00:00Z,1,11,2022,1849,N644JB,PSP,JetBlue Airways
B6,2022-01-12T05:00:00Z,1,12,2022,0425,N638JB,TPA,JetBlue Airways
B6,2022-01-12T05:00:00Z,1,12,2022,0459,N2029J,BUR,JetBlue Airways
AS,2022-01-13T05:00:00Z,1,13,2022,0027,N927VA,SFO,Alaska Airlines
AS,2022-01-13T05:00:00Z,1,13,2022,0221,N930VA,SEA,Alaska Airlines
9E,2022-01-15T05:00:00Z,1,15,2022,4795,N304PQ,BUF,Endeavor Air
9E,2022-01-15T05:00:00Z,1,15,2022,5379,N319PQ,CLT,Endeavor Air
AA,2022-01-15T05:00:00Z,1,15,2022,1355,N770UW,CLT,American Airlines
AA,2022-01-15T05:00:00Z,1,15,2022,2731,N169UW,CLT,American Airlines
B6,2022-01-15T05:00:00Z,1,15,2022,0355,N821JB,ONT,JetBlue Airways
B6,2022-01-15T05:00:00Z,1,15,2022,0725,N649JB,SAT,JetBlue Airways
9E,2022-01-16T05:00:00Z,1,16,2022,4778,N299PQ,IAD,Endeavor Air
9E,2022-01-16T05:00:00Z,1,16,2022,4795,N319PQ,BUF,Endeavor Air
9E,2022-01-16T05:00:00Z,1,16,2022,4829,N200PQ,RDU,Endeavor Air
9E,2022-01-16T05:00:00Z,1,16,2022,4875,N296PQ,ROC,Endeavor Air
9E,2022-01-16T05:00:00Z,1,16,2022,5113,N200PQ,RDU,Endeavor Air
9E,2022-01-16T05:00:00Z,1,16,2022,5214,N304PQ,BWI,Endeavor Air
9E,2022-01-16T05:00:00Z,1,16,2022,5460,N307PQ,IAD,Endeavor Air
9E,2022-01-16T05:00:00Z,1,16,2022,5470,N349PQ,CLT,Endeavor Air
AA,2022-01-16T05:00:00Z,1,16,2022,0311,N741UW,CLT,American Airlines
AA,2022-01-16T05:00:00Z,1,16,2022,0327,N996NN,CLT,American Airlines
AA,2022-01-16T05:00:00Z,1,16,2022,0493,N751UW,CLT,American Airlines
AA,2022-01-16T05:00:00Z,1,16,2022,0495,N983AN,CLT,American Airlines
AA,2022-01-16T05:00:00Z,1,16,2022,1355,N701UW,CLT,American Airlines
AA,2022-01-16T05:00:00Z,1,16,2022,1444,N898NN,CLT,American Airlines
AA,2022-01-16T05:00:00Z,1,16,2022,1901,N302SS,MIA,American Airlines
AA,2022-01-16T05:00:00Z,1,16,2022,2643,N965AN,CLT,American Airlines
AA,2022-01-16T05:00:00Z,1,16,2022,2731,N914UY,CLT,American Airlines
AS,2022-01-16T05:00:00Z,1,16,2022,0027,N925VA,SFO,Alaska Airlines
B6,2022-01-16T05:00:00Z,1,16,2022,0102,N228JB,BUF,JetBlue Airways
B6,2022-01-16T05:00:00Z,1,16,2022,0234,N358JB,BTV,JetBlue Airways
B6,2022-01-16T05:00:00Z,1,16,2022,0303,N531JL,SJU,JetBlue Airways
B6,2022-01-16T05:00:00Z,1,16,2022,0486,N316JB,ROC,JetBlue Airways
B6,2022-01-16T05:00:00Z,1,16,2022,0553,N649JB,PBI,JetBlue Airways
B6,2022-01-16T05:00:00Z,1,16,2022,0585,N763JB,RDU,JetBlue Airways
B6,2022-01-16T05:00:00Z,1,16,2022,0617,N228JB,MSP,JetBlue Airways
B6,2022-01-16T05:00:00Z,1,16,2022,0629,N746JB,RSW,JetBlue Airways
B6,2022-01-16T05:00:00Z,1,16,2022,0676,N266JB,ORH,JetBlue Airways
B6,2022-01-16T05:00:00Z,1,16,2022,0918,N649JB,BOS,JetBlue Airways
B6,2022-01-16T05:00:00Z,1,16,2022,1005,N659JB,PDX,JetBlue Airways
B6,2022-01-16T05:00:00Z,1,16,2022,1083,N583JB,MCO,JetBlue Airways
B6,2022-01-16T05:00:00Z,1,16,2022,1277,N834JB,JAX,JetBlue Airways
B6,2022-01-16T05:00:00Z,1,16,2022,1295,N834JB,AUS,JetBlue Airways
B6,2022-01-16T05:00:00Z,1,16,2022,1318,N184JB,BOS,JetBlue Airways
B6,2022-01-16T05:00:00Z,1,16,2022,1415,N984JB,SFO,JetBlue Airways
B6,2022-01-16T05:00:00Z,1,16,2022,2103,N509JB,SJU,JetBlue Airways
B6,2022-01-16T05:00:00Z,1,16,2022,2516,N339JB,SYR,JetBlue Airways
B6,2022-01-16T05:00:00Z,1,16,2022,2893,N789JB,MIA,JetBlue Airways
DL,2022-01-16T05:00:00Z,1,16,2022,0350,N723TW,SAN,Delta Air Lines
YX,2022-01-16T05:00:00Z,1,16,2022,4522,N103HQ,BWI,Republic Airways
YX,2022-01-16T05:00:00Z,1,16,2022,4530,NA,PIT,Republic Airways
YX,2022-01-16T05:00:00Z,1,16,2022,4533,N425YX,RDU,Republic Airways
YX,2022-01-16T05:00:00Z,1,16,2022,4537,NA,RIC,Republic Airways
YX,2022-01-16T05:00:00Z,1,16,2022,4540,N447YX,RDU,Republic Airways
YX,2022-01-16T05:00:00Z,1,16,2022,4628,NA,RDU,Republic Airways
YX,2022-01-16T05:00:00Z,1,16,2022,4690,NA,PIT,Republic Airways
YX,2022-01-16T05:00:00Z,1,16,2022,4712,NA,RIC,Republic Airways
YX,2022-01-16T05:00:00Z,1,16,2022,4717,NA,DCA,Republic Airways
YX,2022-01-16T05:00:00Z,1,16,2022,4722,NA,DCA,Republic Airways
YX,2022-01-16T05:00:00Z,1,16,2022,4926,NA,RDU,Republic Airways
YX,2022-01-16T05:00:00Z,1,16,2022,5011,N419YX,PIT,Republic Airways
YX,2022-01-16T05:00:00Z,1,16,2022,5630,N209JQ,CLT,Republic Airways
YX,2022-01-16T05:00:00Z,1,16,2022,5645,N202JQ,CLT,Republic Airways
YX,2022-01-16T05:00:00Z,1,16,2022,5665,N228JQ,DCA,Republic Airways
YX,2022-01-16T05:00:00Z,1,16,2022,5731,N225JQ,DCA,Republic Airways
YX,2022-01-16T05:00:00Z,1,16,2022,5806,N202JQ,BOS,Republic Airways
YX,2022-01-16T05:00:00Z,1,16,2022,5829,N208JQ,PIT,Republic Airways
9E,2022-01-17T05:00:00Z,1,17,2022,4801,N272PQ,IND,Endeavor Air
AA,2022-01-17T05:00:00Z,1,17,2022,0341,N109NN,LAX,American Airlines
AA,2022-01-17T05:00:00Z,1,17,2022,1444,N921NN,CLT,American Airlines
AS,2022-01-17T05:00:00Z,1,17,2022,0027,N925VA,SFO,Alaska Airlines
AS,2022-01-17T05:00:00Z,1,17,2022,0393,N562AS,SAN,Alaska Airlines
B6,2022-01-17T05:00:00Z,1,17,2022,0116,N283JB,SYR,JetBlue Airways
B6,2022-01-17T05:00:00Z,1,17,2022,0186,N228JB,ROC,JetBlue Airways
B6,2022-01-17T05:00:00Z,1,17,2022,0459,N2027J,BUR,JetBlue Airways
B6,2022-01-17T05:00:00Z,1,17,2022,0702,N231JB,BUF,JetBlue Airways
B6,2022-01-17T05:00:00Z,1,17,2022,1019,N190JB,DTW,JetBlue Airways
B6,2022-01-17T05:00:00Z,1,17,2022,1602,N358JB,BUF,JetBlue Airways
B6,2022-01-17T05:00:00Z,1,17,2022,2029,N646JB,RSW,JetBlue Airways
B6,2022-01-17T05:00:00Z,1,17,2022,2802,N316JB,BUF,JetBlue Airways
YX,2022-01-17T05:00:00Z,1,17,2022,4638,N120HQ,IND,Republic Airways
YX,2022-01-17T05:00:00Z,1,17,2022,4678,N425YX,CLE,Republic Airways
B6,2022-01-18T05:00:00Z,1,18,2022,0723,N945JT,LAX,JetBlue Airways
B6,2022-01-18T05:00:00Z,1,18,2022,1003,N999JQ,SJU,JetBlue Airways
B6,2022-01-18T05:00:00Z,1,18,2022,1273,N354JB,CHS,JetBlue Airways
B6,2022-01-18T05:00:00Z,1,18,2022,2693,N651JB,MIA,JetBlue Airways
YX,2022-01-18T05:00:00Z,1,18,2022,4666,N136HQ,CLE,Republic Airways
YX,2022-01-18T05:00:00Z,1,18,2022,4892,N136HQ,CLE,Republic Airways
AA,2022-01-19T05:00:00Z,1,19,2022,0595,N756AM,MIA,American Airlines
AA,2022-01-19T05:00:00Z,1,19,2022,1032,N730AN,MIA,American Airlines
B6,2022-01-19T05:00:00Z,1,19,2022,0459,N2017J,BUR,JetBlue Airways
9E,2022-01-20T05:00:00Z,1,20,2022,5247,N341PQ,RDU,Endeavor Air
AA,2022-01-20T05:00:00Z,1,20,2022,2772,N975AN,AUS,American Airlines
AS,2022-01-20T05:00:00Z,1,20,2022,0221,N930VA,SEA,Alaska Airlines
B6,2022-01-20T05:00:00Z,1,20,2022,0063,N645JB,SEA,JetBlue Airways
B6,2022-01-20T05:00:00Z,1,20,2022,0163,N806JB,SRQ,JetBlue Airways
B6,2022-01-20T05:00:00Z,1,20,2022,0425,N646JB,TPA,JetBlue Airways
B6,2022-01-20T05:00:00Z,1,20,2022,0585,N705JB,RDU,JetBlue Airways
B6,2022-01-20T05:00:00Z,1,20,2022,0841,N283JB,SAV,JetBlue Airways
B6,2022-01-20T05:00:00Z,1,20,2022,1273,N284JB,CHS,JetBlue Airways
B6,2022-01-20T05:00:00Z,1,20,2022,1438,N588JB,BOS,JetBlue Airways
B6,2022-01-20T05:00:00Z,1,20,2022,1983,N608JB,MCO,JetBlue Airways
B6,2022-01-20T05:00:00Z,1,20,2022,2802,N190JB,BUF,JetBlue Airways
UA,2022-01-20T05:00:00Z,1,20,2022,0515,N67134,LAX,United Air Lines
YX,2022-01-20T05:00:00Z,1,20,2022,4503,N110HQ,RDU,Republic Airways
YX,2022-01-20T05:00:00Z,1,20,2022,4533,N453YX,RDU,Republic Airways
9E,2022-01-21T05:00:00Z,1,21,2022,4629,N303PQ,ORF,Endeavor Air
9E,2022-01-21T05:00:00Z,1,21,2022,4634,N176PQ,ORF,Endeavor Air
9E,2022-01-21T05:00:00Z,1,21,2022,5207,N922XJ,ORF,Endeavor Air
9E,2022-01-21T05:00:00Z,1,21,2022,5226,N601LR,CHS,Endeavor Air
B6,2022-01-21T05:00:00Z,1,21,2022,0145,N239JB,CHS,JetBlue Airways
B6,2022-01-21T05:00:00Z,1,21,2022,0341,N646JB,SAV,JetBlue Airways
B6,2022-01-21T05:00:00Z,1,21,2022,0385,N316JB,RDU,JetBlue Airways
B6,2022-01-21T05:00:00Z,1,21,2022,1185,N375JB,RDU,JetBlue Airways
B6,2022-01-21T05:00:00Z,1,21,2022,1473,N594JB,CHS,JetBlue Airways
B6,2022-01-21T05:00:00Z,1,21,2022,2473,N216JB,CHS,JetBlue Airways
B6,2022-01-21T05:00:00Z,1,21,2022,2802,N346JB,BUF,JetBlue Airways
YX,2022-01-21T05:00:00Z,1,21,2022,4503,NA,RDU,Republic Airways
YX,2022-01-21T05:00:00Z,1,21,2022,4526,NA,ORF,Republic Airways
YX,2022-01-21T05:00:00Z,1,21,2022,4527,NA,ORF,Republic Airways
YX,2022-01-21T05:00:00Z,1,21,2022,4540,NA,RDU,Republic Airways
YX,2022-01-21T05:00:00Z,1,21,2022,4628,NA,RDU,Republic Airways
YX,2022-01-21T05:00:00Z,1,21,2022,4712,N110HQ,RIC,Republic Airways
YX,2022-01-21T05:00:00Z,1,21,2022,4913,NA,ORF,Republic Airways
YX,2022-01-21T05:00:00Z,1,21,2022,4926,NA,RDU,Republic Airways
AS,2022-01-22T05:00:00Z,1,22,2022,0007,N925VA,SEA,Alaska Airlines
B6,2022-01-22T05:00:00Z,1,22,2022,0676,N329JB,ORH,JetBlue Airways
B6,2022-01-22T05:00:00Z,1,22,2022,0776,N283JB,ORH,JetBlue Airways
B6,2022-01-22T05:00:00Z,1,22,2022,1185,N329JB,RDU,JetBlue Airways
YX,2022-01-22T05:00:00Z,1,22,2022,4687,N106HQ,ORH,Republic Airways
YX,2022-01-23T05:00:00Z,1,23,2022,5665,N244JQ,DCA,Republic Airways
AA,2022-01-24T05:00:00Z,1,24,2022,1444,N354PT,CLT,American Airlines
B6,2022-01-24T05:00:00Z,1,24,2022,1003,N999JQ,SJU,JetBlue Airways
AA,2022-01-25T05:00:00Z,1,25,2022,1228,N326SJ,MIA,American Airlines
AA,2022-01-25T05:00:00Z,1,25,2022,1875,N969AN,FLL,American Airlines
AA,2022-01-26T05:00:00Z,1,26,2022,2305,N110AN,SFO,American Airlines
B6,2022-01-26T05:00:00Z,1,26,2022,0063,N809JB,SEA,JetBlue Airways
AA,2022-01-27T05:00:00Z,1,27,2022,1228,N338ST,MIA,American Airlines
9E,2022-01-28T05:00:00Z,1,28,2022,4634,N302PQ,ORF,Endeavor Air
9E,2022-01-28T05:00:00Z,1,28,2022,4654,N166PQ,DTW,Endeavor Air
9E,2022-01-28T05:00:00Z,1,28,2022,4778,N307PQ,IAD,Endeavor Air
9E,2022-01-28T05:00:00Z,1,28,2022,4795,N336PQ,BUF,Endeavor Air
9E,2022-01-28T05:00:00Z,1,28,2022,4855,N320PQ,BNA,Endeavor Air
9E,2022-01-28T05:00:00Z,1,28,2022,4858,N935XJ,DTW,Endeavor Air
9E,2022-01-28T05:00:00Z,1,28,2022,4875,N279PQ,ROC,Endeavor Air
9E,2022-01-28T05:00:00Z,1,28,2022,5011,N927XJ,CLT,Endeavor Air
9E,2022-01-28T05:00:00Z,1,28,2022,5041,N600LR,IND,Endeavor Air
9E,2022-01-28T05:00:00Z,1,28,2022,5043,N678CA,CLE,Endeavor Air
9E,2022-01-28T05:00:00Z,1,28,2022,5214,N927XJ,BWI,Endeavor Air
9E,2022-01-28T05:00:00Z,1,28,2022,5226,N309PQ,CHS,Endeavor Air
9E,2022-01-28T05:00:00Z,1,28,2022,5247,N901XJ,RDU,Endeavor Air
9E,2022-01-28T05:00:00Z,1,28,2022,5273,N299PQ,CVG,Endeavor Air
9E,2022-01-28T05:00:00Z,1,28,2022,5379,N279PQ,CLT,Endeavor Air
9E,2022-01-28T05:00:00Z,1,28,2022,5422,N903XJ,ORD,Endeavor Air
9E,2022-01-28T05:00:00Z,1,28,2022,5494,N931XJ,RIC,Endeavor Air
AA,2022-01-28T05:00:00Z,1,28,2022,0076,N108NN,SFO,American Airlines
AA,2022-01-28T05:00:00Z,1,28,2022,0185,N108NN,LAX,American Airlines
AA,2022-01-28T05:00:00Z,1,28,2022,1609,N111ZM,BOS,American Airlines
B6,2022-01-28T05:00:00Z,1,28,2022,0089,N983JT,SAN,JetBlue Airways
B6,2022-01-28T05:00:00Z,1,28,2022,0135,N999JQ,PHX,JetBlue Airways
B6,2022-01-28T05:00:00Z,1,28,2022,0263,N944JT,SEA,JetBlue Airways
B6,2022-01-28T05:00:00Z,1,28,2022,0355,N965JT,ONT,JetBlue Airways
B6,2022-01-28T05:00:00Z,1,28,2022,0486,N329JB,ROC,JetBlue Airways
B6,2022-01-28T05:00:00Z,1,28,2022,0586,N329JB,ROC,JetBlue Airways
B6,2022-01-28T05:00:00Z,1,28,2022,0617,N307JB,MSP,JetBlue Airways
B6,2022-01-28T05:00:00Z,1,28,2022,0676,N258JB,ORH,JetBlue Airways
B6,2022-01-28T05:00:00Z,1,28,2022,0711,N973JT,LAS,JetBlue Airways
B6,2022-01-28T05:00:00Z,1,28,2022,0809,N652JB,DFW,JetBlue Airways
B6,2022-01-28T05:00:00Z,1,28,2022,0919,N599JB,ATL,JetBlue Airways
B6,2022-01-28T05:00:00Z,1,28,2022,1003,N995JL,SJU,JetBlue Airways
B6,2022-01-28T05:00:00Z,1,28,2022,1119,N715JB,ATL,JetBlue Airways
B6,2022-01-28T05:00:00Z,1,28,2022,1318,N184JB,BOS,JetBlue Airways
B6,2022-01-28T05:00:00Z,1,28,2022,1418,N307JB,BOS,JetBlue Airways
B6,2022-01-28T05:00:00Z,1,28,2022,1719,N375JB,ATL,JetBlue Airways
B6,2022-01-28T05:00:00Z,1,28,2022,1723,N942JB,LAX,JetBlue Airways
B6,2022-01-28T05:00:00Z,1,28,2022,2193,N959JB,MIA,JetBlue Airways
B6,2022-01-28T05:00:00Z,1,28,2022,2402,N184JB,BUF,JetBlue Airways
DL,2022-01-28T05:00:00Z,1,28,2022,0353,N186DN,LAX,Delta Air Lines
DL,2022-01-28T05:00:00Z,1,28,2022,0655,N336NB,AUS,Delta Air Lines
DL,2022-01-28T05:00:00Z,1,28,2022,0667,N717TW,SLC,Delta Air Lines
DL,2022-01-28T05:00:00Z,1,28,2022,1291,N109DN,MCO,Delta Air Lines
DL,2022-01-28T05:00:00Z,1,28,2022,1627,N301DV,FLL,Delta Air Lines
DL,2022-01-28T05:00:00Z,1,28,2022,2243,N119DN,MIA,Delta Air Lines
YX,2022-01-28T05:00:00Z,1,28,2022,5615,N203JQ,BOS,Republic Airways
YX,2022-01-28T05:00:00Z,1,28,2022,5619,N209JQ,RDU,Republic Airways
YX,2022-01-28T05:00:00Z,1,28,2022,5665,N224JQ,DCA,Republic Airways
YX,2022-01-28T05:00:00Z,1,28,2022,5688,N240JQ,CMH,Republic Airways
YX,2022-01-28T05:00:00Z,1,28,2022,5740,N242JQ,JAX,Republic Airways
YX,2022-01-28T05:00:00Z,1,28,2022,5763,N238JQ,DCA,Republic Airways
9E,2022-01-29T05:00:00Z,1,29,2022,4629,N337PQ,ORF,Endeavor Air
9E,2022-01-29T05:00:00Z,1,29,2022,4634,N309PQ,ORF,Endeavor Air
9E,2022-01-29T05:00:00Z,1,29,2022,4635,N181PQ,MSP,Endeavor Air
9E,2022-01-29T05:00:00Z,1,29,2022,4649,N297PQ,CHS,Endeavor Air
9E,2022-01-29T05:00:00Z,1,29,2022,4654,N166PQ,DTW,Endeavor Air
9E,2022-01-29T05:00:00Z,1,29,2022,4668,N604LR,BTV,Endeavor Air
9E,2022-01-29T05:00:00Z,1,29,2022,4676,N153PQ,DTW,Endeavor Air
9E,2022-01-29T05:00:00Z,1,29,2022,4716,N903XJ,ORD,Endeavor Air
9E,2022-01-29T05:00:00Z,1,29,2022,4726,N337PQ,ROC,Endeavor Air
9E,2022-01-29T05:00:00Z,1,29,2022,4761,N147PQ,CHS,Endeavor Air
9E,2022-01-29T05:00:00Z,1,29,2022,4778,N301PQ,IAD,Endeavor Air
9E,2022-01-29T05:00:00Z,1,29,2022,4795,N335PQ,BUF,Endeavor Air
9E,2022-01-29T05:00:00Z,1,29,2022,4801,N600LR,IND,Endeavor Air
9E,2022-01-29T05:00:00Z,1,29,2022,4829,N307PQ,RDU,Endeavor Air
9E,2022-01-29T05:00:00Z,1,29,2022,4855,N309PQ,BNA,Endeavor Air
9E,2022-01-29T05:00:00Z,1,29,2022,4858,N310PQ,DTW,Endeavor Air
9E,2022-01-29T05:00:00Z,1,29,2022,4865,N337PQ,ROC,Endeavor Air
9E,2022-01-29T05:00:00Z,1,29,2022,4872,N600LR,RIC,Endeavor Air
9E,2022-01-29T05:00:00Z,1,29,2022,4873,N335PQ,RDU,Endeavor Air
9E,2022-01-29T05:00:00Z,1,29,2022,4875,N297PQ,ROC,Endeavor Air
9E,2022-01-29T05:00:00Z,1,29,2022,4982,N181PQ,CLE,Endeavor Air
9E,2022-01-29T05:00:00Z,1,29,2022,4997,N302PQ,CLE,Endeavor Air
9E,2022-01-29T05:00:00Z,1,29,2022,5011,N302PQ,CLT,Endeavor Air
9E,2022-01-29T05:00:00Z,1,29,2022,5020,N153PQ,RIC,Endeavor Air
9E,2022-01-29T05:00:00Z,1,29,2022,5023,N279PQ,BNA,Endeavor Air
9E,2022-01-29T05:00:00Z,1,29,2022,5041,N600LR,IND,Endeavor Air
9E,2022-01-29T05:00:00Z,1,29,2022,5043,N903XJ,CLE,Endeavor Air
9E,2022-01-29T05:00:00Z,1,29,2022,5053,N302PQ,PIT,Endeavor Air
9E,2022-01-29T05:00:00Z,1,29,2022,5057,N309PQ,BUF,Endeavor Air
9E,2022-01-29T05:00:00Z,1,29,2022,5074,N606LR,DTW,Endeavor Air
9E,2022-01-29T05:00:00Z,1,29,2022,5090,N301PQ,IND,Endeavor Air
9E,2022-01-29T05:00:00Z,1,29,2022,5113,N320PQ,RDU,Endeavor Air
9E,2022-01-29T05:00:00Z,1,29,2022,5183,N153PQ,SAV,Endeavor Air
9E,2022-01-29T05:00:00Z,1,29,2022,5199,N604LR,BWI,Endeavor Air
9E,2022-01-29T05:00:00Z,1,29,2022,5207,N927XJ,ORF,Endeavor Air
9E,2022-01-29T05:00:00Z,1,29,2022,5214,N146PQ,BWI,Endeavor Air
9E,2022-01-29T05:00:00Z,1,29,2022,5241,N931XJ,CHS,Endeavor Air
9E,2022-01-29T05:00:00Z,1,29,2022,5247,N182GJ,RDU,Endeavor Air
9E,2022-01-29T05:00:00Z,1,29,2022,5273,N297PQ,CVG,Endeavor Air
9E,2022-01-29T05:00:00Z,1,29,2022,5282,N297PQ,BUF,Endeavor Air
9E,2022-01-29T05:00:00Z,1,29,2022,5291,N166PQ,SAV,Endeavor Air
9E,2022-01-29T05:00:00Z,1,29,2022,5379,N604LR,CLT,Endeavor Air
9E,2022-01-29T05:00:00Z,1,29,2022,5412,N935XJ,BNA,Endeavor Air
9E,2022-01-29T05:00:00Z,1,29,2022,5422,N903XJ,ORD,Endeavor Air
9E,2022-01-29T05:00:00Z,1,29,2022,5446,N304PQ,SYR,Endeavor Air
9E,2022-01-29T05:00:00Z,1,29,2022,5447,N182GJ,RDU,Endeavor Air
9E,2022-01-29T05:00:00Z,1,29,2022,5449,N146PQ,BWI,Endeavor Air
9E,2022-01-29T05:00:00Z,1,29,2022,5460,N926XJ,IAD,Endeavor Air
9E,2022-01-29T05:00:00Z,1,29,2022,5470,N301PQ,CLT,Endeavor Air
9E,2022-01-29T05:00:00Z,1,29,2022,5494,N297PQ,RIC,Endeavor Air
AA,2022-01-29T05:00:00Z,1,29,2022,0001,N102NN,LAX,American Airlines
AA,2022-01-29T05:00:00Z,1,29,2022,0003,N103NN,LAX,American Airlines
AA,2022-01-29T05:00:00Z,1,29,2022,0076,N106NN,SFO,American Airlines
AA,2022-01-29T05:00:00Z,1,29,2022,0117,N110AN,LAX,American Airlines
AA,2022-01-29T05:00:00Z,1,29,2022,0171,N105NN,LAX,American Airlines
AA,2022-01-29T05:00:00Z,1,29,2022,0177,N115NN,SFO,American Airlines
AA,2022-01-29T05:00:00Z,1,29,2022,0185,N115NN,LAX,American Airlines
AA,2022-01-29T05:00:00Z,1,29,2022,0255,N109NN,LAX,American Airlines
AA,2022-01-29T05:00:00Z,1,29,2022,0302,N111ZM,LAX,American Airlines
AA,2022-01-29T05:00:00Z,1,29,2022,0306,N101NN,LAX,American Airlines
AA,2022-01-29T05:00:00Z,1,29,2022,0311,N853NN,CLT,American Airlines
AA,2022-01-29T05:00:00Z,1,29,2022,0327,N976AN,CLT,American Airlines
AA,2022-01-29T05:00:00Z,1,29,2022,0341,N108NN,LAX,American Airlines
AA,2022-01-29T05:00:00Z,1,29,2022,0366,N856NN,ORD,American Airlines
AA,2022-01-29T05:00:00Z,1,29,2022,0429,N113AN,SNA,American Airlines
AA,2022-01-29T05:00:00Z,1,29,2022,0495,N344PP,CLT,American Airlines
AA,2022-01-29T05:00:00Z,1,29,2022,0595,N757AN,MIA,American Airlines
AA,2022-01-29T05:00:00Z,1,29,2022,0688,N772AN,MIA,American Airlines
AA,2022-01-29T05:00:00Z,1,29,2022,0830,N9004F,JAC,American Airlines
AA,2022-01-29T05:00:00Z,1,29,2022,0936,N9016,STT,American Airlines
AA,2022-01-29T05:00:00Z,1,29,2022,1032,N731AN,MIA,American Airlines
AA,2022-01-29T05:00:00Z,1,29,2022,1174,N315SD,MIA,American Airlines
AA,2022-01-29T05:00:00Z,1,29,2022,1250,N115NN,BOS,American Airlines
AA,2022-01-29T05:00:00Z,1,29,2022,1274,N964NN,DFW,American Airlines
AA,2022-01-29T05:00:00Z,1,29,2022,1330,N949NN,LAS,American Airlines
AA,2022-01-29T05:00:00Z,1,29,2022,1355,N733UW,CLT,American Airlines
AA,2022-01-29T05:00:00Z,1,29,2022,1479,N788AN,MIA,American Airlines
AA,2022-01-29T05:00:00Z,1,29,2022,1487,N973NN,PHX,American Airlines
AA,2022-01-29T05:00:00Z,1,29,2022,1553,N9022G,EGE,American Airlines
AA,2022-01-29T05:00:00Z,1,29,2022,1609,N102NN,BOS,American Airlines
AA,2022-01-29T05:00:00Z,1,29,2022,1610,N790AN,MIA,American Airlines
AA,2022-01-29T05:00:00Z,1,29,2022,1637,N101NN,BOS,American Airlines
AA,2022-01-29T05:00:00Z,1,29,2022,1875,N976AN,FLL,American Airlines
AA,2022-01-29T05:00:00Z,1,29,2022,1901,N316SE,MIA,American Airlines
AA,2022-01-29T05:00:00Z,1,29,2022,2222,N101NN,BOS,American Airlines
AA,2022-01-29T05:00:00Z,1,29,2022,2234,N315SD,DFW,American Airlines
AA,2022-01-29T05:00:00Z,1,29,2022,2262,N12028,MIA,American Airlines
AA,2022-01-29T05:00:00Z,1,29,2022,2268,N762AN,MIA,American Airlines
AA,2022-01-29T05:00:00Z,1,29,2022,2305,N112AN,SFO,American Airlines
AA,2022-01-29T05:00:00Z,1,29,2022,2643,N932NN,CLT,American Airlines
AA,2022-01-29T05:00:00Z,1,29,2022,2731,N184US,CLT,American Airlines
AA,2022-01-29T05:00:00Z,1,29,2022,2772,N969NN,AUS,American Airlines
AA,2022-01-29T05:00:00Z,1,29,2022,2813,N994NN,AUS,American Airlines
AA,2022-01-29T05:00:00Z,1,29,2022,2819,N321RL,ORD,American Airlines
AA,2022-01-29T05:00:00Z,1,29,2022,2829,N897NN,PHX,American Airlines
AS,2022-01-29T05:00:00Z,1,29,2022,0007,N926VA,SEA,Alaska Airlines
AS,2022-01-29T05:00:00Z,1,29,2022,0014,N457AS,SFO,Alaska Airlines
AS,2022-01-29T05:00:00Z,1,29,2022,0027,N929VA,SFO,Alaska Airlines
AS,2022-01-29T05:00:00Z,1,29,2022,0063,N224AK,SEA,Alaska Airlines
AS,2022-01-29T05:00:00Z,1,29,2022,0077,N562AS,SEA,Alaska Airlines
AS,2022-01-29T05:00:00Z,1,29,2022,0178,N594AS,SAN,Alaska Airlines
AS,2022-01-29T05:00:00Z,1,29,2022,0185,N403AS,SFO,Alaska Airlines
AS,2022-01-29T05:00:00Z,1,29,2022,0186,N214AK,PDX,Alaska Airlines
AS,2022-01-29T05:00:00Z,1,29,2022,0221,N930VA,SEA,Alaska Airlines
AS,2022-01-29T05:00:00Z,1,29,2022,0393,N518AS,SAN,Alaska Airlines
AS,2022-01-29T05:00:00Z,1,29,2022,0479,N268AK,PDX,Alaska Airlines
AS,2022-01-29T05:00:00Z,1,29,2022,0657,N928VA,SFO,Alaska Airlines
B6,2022-01-29T05:00:00Z,1,29,2022,0001,N789JB,FLL,JetBlue Airways
B6,2022-01-29T05:00:00Z,1,29,2022,0053,N641JB,PBI,JetBlue Airways
B6,2022-01-29T05:00:00Z,1,29,2022,0063,N828JB,SEA,JetBlue Airways
B6,2022-01-29T05:00:00Z,1,29,2022,0065,N598JB,ABQ,JetBlue Airways
B6,2022-01-29T05:00:00Z,1,29,2022,0071,N784JB,SLC,JetBlue Airways
B6,2022-01-29T05:00:00Z,1,29,2022,0081,N712JB,RNO,JetBlue Airways
B6,2022-01-29T05:00:00Z,1,29,2022,0083,N913JB,MCO,JetBlue Airways
B6,2022-01-29T05:00:00Z,1,29,2022,0089,N985JT,SAN,JetBlue Airways
B6,2022-01-29T05:00:00Z,1,29,2022,0102,N187JB,BUF,JetBlue Airways
B6,2022-01-29T05:00:00Z,1,29,2022,0105,N827JB,ORD,JetBlue Airways
B6,2022-01-29T05:00:00Z,1,29,2022,0116,N187JB,SYR,JetBlue Airways
B6,2022-01-29T05:00:00Z,1,29,2022,0118,N374JB,BOS,JetBlue Airways
B6,2022-01-29T05:00:00Z,1,29,2022,0125,N827JB,TPA,JetBlue Airways
B6,2022-01-29T05:00:00Z,1,29,2022,0163,N568JB,SRQ,JetBlue Airways
B6,2022-01-29T05:00:00Z,1,29,2022,0186,N279JB,ROC,JetBlue Airways
B6,2022-01-29T05:00:00Z,1,29,2022,0189,N827JB,SAN,JetBlue Airways
B6,2022-01-29T05:00:00Z,1,29,2022,0201,N903JB,FLL,JetBlue Airways
B6,2022-01-29T05:00:00Z,1,29,2022,0225,N651JB,TPA,JetBlue Airways
B6,2022-01-29T05:00:00Z,1,29,2022,0234,N375JB,BTV,JetBlue Airways
B6,2022-01-29T05:00:00Z,1,29,2022,0263,N937JB,SEA,JetBlue Airways
B6,2022-01-29T05:00:00Z,1,29,2022,0285,N183JB,RDU,JetBlue Airways
B6,2022-01-29T05:00:00Z,1,29,2022,0295,N807JB,AUS,JetBlue Airways
B6,2022-01-29T05:00:00Z,1,29,2022,0341,N796JB,SAV,JetBlue Airways
B6,2022-01-29T05:00:00Z,1,29,2022,0359,N2002J,BUR,JetBlue Airways
B6,2022-01-29T05:00:00Z,1,29,2022,0383,N348JB,MCO,JetBlue Airways
B6,2022-01-29T05:00:00Z,1,29,2022,0385,N354JB,RDU,JetBlue Airways
B6,2022-01-29T05:00:00Z,1,29,2022,0415,N946JL,SFO,JetBlue Airways
B6,2022-01-29T05:00:00Z,1,29,2022,0425,N708JB,TPA,JetBlue Airways
B6,2022-01-29T05:00:00Z,1,29,2022,0453,N346JB,PBI,JetBlue Airways
B6,2022-01-29T05:00:00Z,1,29,2022,0459,N2047J,BUR,JetBlue Airways
B6,2022-01-29T05:00:00Z,1,29,2022,0486,N179JB,ROC,JetBlue Airways
B6,2022-01-29T05:00:00Z,1,29,2022,0503,N2039J,SJU,JetBlue Airways
B6,2022-01-29T05:00:00Z,1,29,2022,0518,N206JB,BOS,JetBlue Airways
B6,2022-01-29T05:00:00Z,1,29,2022,0519,N639JB,ATL,JetBlue Airways
B6,2022-01-29T05:00:00Z,1,29,2022,0575,N708JB,MSY,JetBlue Airways
B6,2022-01-29T05:00:00Z,1,29,2022,0583,N2048J,MCO,JetBlue Airways
B6,2022-01-29T05:00:00Z,1,29,2022,0585,N779JB,RDU,JetBlue Airways
B6,2022-01-29T05:00:00Z,1,29,2022,0586,N328JB,ROC,JetBlue Airways
B6,2022-01-29T05:00:00Z,1,29,2022,0601,N554JB,FLL,JetBlue Airways
B6,2022-01-29T05:00:00Z,1,29,2022,0617,N178JB,MSP,JetBlue Airways
B6,2022-01-29T05:00:00Z,1,29,2022,0629,N658JB,RSW,JetBlue Airways
B6,2022-01-29T05:00:00Z,1,29,2022,0669,N531JL,SJC,JetBlue Airways
B6,2022-01-29T05:00:00Z,1,29,2022,0676,N307JB,ORH,JetBlue Airways
B6,2022-01-29T05:00:00Z,1,29,2022,0677,N589JB,JAX,JetBlue Airways
B6,2022-01-29T05:00:00Z,1,29,2022,0702,N231JB,BUF,JetBlue Airways
B6,2022-01-29T05:00:00Z,1,29,2022,0709,N789JB,DFW,JetBlue Airways
B6,2022-01-29T05:00:00Z,1,29,2022,0718,N329JB,BOS,JetBlue Airways
B6,2022-01-29T05:00:00Z,1,29,2022,0725,N534JB,SAT,JetBlue Airways
B6,2022-01-29T05:00:00Z,1,29,2022,0776,N279JB,ORH,JetBlue Airways
B6,2022-01-29T05:00:00Z,1,29,2022,0795,N794JB,AUS,JetBlue Airways
B6,2022-01-29T05:00:00Z,1,29,2022,0803,N2102J,SJU,JetBlue Airways
B6,2022-01-29T05:00:00Z,1,29,2022,0818,N346JB,BOS,JetBlue Airways
B6,2022-01-29T05:00:00Z,1,29,2022,0839,N907JB,BQN,JetBlue Airways
B6,2022-01-29T05:00:00Z,1,29,2022,0841,N375JB,SAV,JetBlue Airways
B6,2022-01-29T05:00:00Z,1,29,2022,0853,N552JB,PBI,JetBlue Airways
B6,2022-01-29T05:00:00Z,1,29,2022,0871,N606JB,SLC,JetBlue Airways
B6,2022-01-29T05:00:00Z,1,29,2022,0883,N2002J,MCO,JetBlue Airways
B6,2022-01-29T05:00:00Z,1,29,2022,0901,N2043J,FLL,JetBlue Airways
B6,2022-01-29T05:00:00Z,1,29,2022,0915,N984JB,SFO,JetBlue Airways
B6,2022-01-29T05:00:00Z,1,29,2022,0918,N796JB,BOS,JetBlue Airways
B6,2022-01-29T05:00:00Z,1,29,2022,0947,N599JB,BZN,JetBlue Airways
B6,2022-01-29T05:00:00Z,1,29,2022,1003,N975JT,SJU,JetBlue Airways
B6,2022-01-29T05:00:00Z,1,29,2022,1005,N656JB,PDX,JetBlue Airways
B6,2022-01-29T05:00:00Z,1,29,2022,1019,N334JB,DTW,JetBlue Airways
B6,2022-01-29T05:00:00Z,1,29,2022,1040,N2105J,STT,JetBlue Airways
B6,2022-01-29T05:00:00Z,1,29,2022,1053,N641JB,PBI,JetBlue Airways
B6,2022-01-29T05:00:00Z,1,29,2022,1073,N328JB,BNA,JetBlue Airways
B6,2022-01-29T05:00:00Z,1,29,2022,1083,N661JB,MCO,JetBlue Airways
B6,2022-01-29T05:00:00Z,1,29,2022,1105,N279JB,ORD,JetBlue Airways
B6,2022-01-29T05:00:00Z,1,29,2022,1118,N279JB,BOS,JetBlue Airways
B6,2022-01-29T05:00:00Z,1,29,2022,1119,N806JB,ATL,JetBlue Airways
B6,2022-01-29T05:00:00Z,1,29,2022,1128,N373JB,BOS,JetBlue Airways
B6,2022-01-29T05:00:00Z,1,29,2022,1160,N373JB,BOS,JetBlue Airways
B6,2022-01-29T05:00:00Z,1,29,2022,1201,N229JB,FLL,JetBlue Airways
B6,2022-01-29T05:00:00Z,1,29,2022,1273,N292JB,CHS,JetBlue Airways
B6,2022-01-29T05:00:00Z,1,29,2022,1318,N504JB,BOS,JetBlue Airways
B6,2022-01-29T05:00:00Z,1,29,2022,1401,N995JL,FLL,JetBlue Airways
B6,2022-01-29T05:00:00Z,1,29,2022,1418,N328JB,BOS,JetBlue Airways
B6,2022-01-29T05:00:00Z,1,29,2022,1438,N561JB,BOS,JetBlue Airways
B6,2022-01-29T05:00:00Z,1,29,2022,1473,N537JT,CHS,JetBlue Airways
B6,2022-01-29T05:00:00Z,1,29,2022,1483,N958JB,MCO,JetBlue Airways
B6,2022-01-29T05:00:00Z,1,29,2022,1515,N991JT,SFO,JetBlue Airways
B6,2022-01-29T05:00:00Z,1,29,2022,1601,N2027J,FLL,JetBlue Airways
B6,2022-01-29T05:00:00Z,1,29,2022,1602,N298JB,BUF,JetBlue Airways
B6,2022-01-29T05:00:00Z,1,29,2022,1603,N2002J,SJU,JetBlue Airways
B6,2022-01-29T05:00:00Z,1,29,2022,1623,N983JT,LAX,JetBlue Airways
B6,2022-01-29T05:00:00Z,1,29,2022,1634,N236JB,BTV,JetBlue Airways
B6,2022-01-29T05:00:00Z,1,29,2022,1677,N579JB,JAX,JetBlue Airways
B6,2022-01-29T05:00:00Z,1,29,2022,1729,N634JB,RSW,JetBlue Airways
B6,2022-01-29T05:00:00Z,1,29,2022,1849,N537JT,PSP,JetBlue Airways
B6,2022-01-29T05:00:00Z,1,29,2022,1881,N640JB,IAH,JetBlue Airways
B6,2022-01-29T05:00:00Z,1,29,2022,1983,N592JB,MCO,JetBlue Airways
B6,2022-01-29T05:00:00Z,1,29,2022,1993,N507JT,MIA,JetBlue Airways
B6,2022-01-29T05:00:00Z,1,29,2022,2029,N809JB,RSW,JetBlue Airways
B6,2022-01-29T05:00:00Z,1,29,2022,2103,N606JB,SJU,JetBlue Airways
B6,2022-01-29T05:00:00Z,1,29,2022,2123,N2105J,LAX,JetBlue Airways
B6,2022-01-29T05:00:00Z,1,29,2022,2155,N368JB,EYW,JetBlue Airways
B6,2022-01-29T05:00:00Z,1,29,2022,2201,N588JB,FLL,JetBlue Airways
B6,2022-01-29T05:00:00Z,1,29,2022,2293,N580JB,MIA,JetBlue Airways
B6,2022-01-29T05:00:00Z,1,29,2022,2473,N328JB,CHS,JetBlue Airways
B6,2022-01-29T05:00:00Z,1,29,2022,2593,N973JT,MIA,JetBlue Airways
B6,2022-01-29T05:00:00Z,1,29,2022,2693,N809JB,MIA,JetBlue Airways
B6,2022-01-29T05:00:00Z,1,29,2022,2802,N192JB,BUF,JetBlue Airways
DL,2022-01-29T05:00:00Z,1,29,2022,0302,N833MH,LAX,Delta Air Lines
DL,2022-01-29T05:00:00Z,1,29,2022,0311,N1603,SFO,Delta Air Lines
DL,2022-01-29T05:00:00Z,1,29,2022,0314,N194DN,SFO,Delta Air Lines
DL,2022-01-29T05:00:00Z,1,29,2022,0326,N186DN,LAX,Delta Air Lines
DL,2022-01-29T05:00:00Z,1,29,2022,0338,N181DN,SAN,Delta Air Lines
DL,2022-01-29T05:00:00Z,1,29,2022,0353,N1200K,LAX,Delta Air Lines
DL,2022-01-29T05:00:00Z,1,29,2022,0354,N727TW,SLC,Delta Air Lines
DL,2022-01-29T05:00:00Z,1,29,2022,0384,N862DN,SLC,Delta Air Lines
DL,2022-01-29T05:00:00Z,1,29,2022,0424,N349DX,ATL,Delta Air Lines
DL,2022-01-29T05:00:00Z,1,29,2022,0430,N855NW,LAS,Delta Air Lines
DL,2022-01-29T05:00:00Z,1,29,2022,0435,N893DN,ATL,Delta Air Lines
DL,2022-01-29T05:00:00Z,1,29,2022,0442,N193DN,SFO,Delta Air Lines
DL,2022-01-29T05:00:00Z,1,29,2022,0445,N859NW,LAS,Delta Air Lines
DL,2022-01-29T05:00:00Z,1,29,2022,0452,N723TW,SEA,Delta Air Lines
DL,2022-01-29T05:00:00Z,1,29,2022,0460,N717TW,SEA,Delta Air Lines
DL,2022-01-29T05:00:00Z,1,29,2022,0487,N195DN,SFO,Delta Air Lines
DL,2022-01-29T05:00:00Z,1,29,2022,0543,N834MH,LAX,Delta Air Lines
DL,2022-01-29T05:00:00Z,1,29,2022,0563,N843MH,LAX,Delta Air Lines
DL,2022-01-29T05:00:00Z,1,29,2022,0639,N849DN,SJU,Delta Air Lines
DL,2022-01-29T05:00:00Z,1,29,2022,0655,N365NB,AUS,Delta Air Lines
DL,2022-01-29T05:00:00Z,1,29,2022,0659,N365NB,AUS,Delta Air Lines
DL,2022-01-29T05:00:00Z,1,29,2022,0667,N721TW,SLC,Delta Air Lines
DL,2022-01-29T05:00:00Z,1,29,2022,0675,N113DQ,BOS,Delta Air Lines
DL,2022-01-29T05:00:00Z,1,29,2022,0795,N827MH,PHX,Delta Air Lines
DL,2022-01-29T05:00:00Z,1,29,2022,0806,N926DZ,SJU,Delta Air Lines
DL,2022-01-29T05:00:00Z,1,29,2022,0812,N355DN,MCO,Delta Air Lines
DL,2022-01-29T05:00:00Z,1,29,2022,0829,N868DN,PHX,Delta Air Lines
DL,2022-01-29T05:00:00Z,1,29,2022,0856,N375DA,ATL,Delta Air Lines
DL,2022-01-29T05:00:00Z,1,29,2022,0859,N174DZ,ATL,Delta Air Lines
DL,2022-01-29T05:00:00Z,1,29,2022,0863,N872DN,ATL,Delta Air Lines
DL,2022-01-29T05:00:00Z,1,29,2022,0992,N112DU,MSP,Delta Air Lines
DL,2022-01-29T05:00:00Z,1,29,2022,1005,N140DU,DFW,Delta Air Lines
DL,2022-01-29T05:00:00Z,1,29,2022,1036,N308DU,DFW,Delta Air Lines
DL,2022-01-29T05:00:00Z,1,29,2022,1074,N184DN,ATL,Delta Air Lines
DL,2022-01-29T05:00:00Z,1,29,2022,1077,N893DN,DEN,Delta Air Lines
DL,2022-01-29T05:00:00Z,1,29,2022,1104,N832MH,LAS,Delta Air Lines
DL,2022-01-29T05:00:00Z,1,29,2022,1131,N342NW,MSP,Delta Air Lines
DL,2022-01-29T05:00:00Z,1,29,2022,1170,N704X,DEN,Delta Air Lines
DL,2022-01-29T05:00:00Z,1,29,2022,1272,N342DN,FLL,Delta Air Lines
DL,2022-01-29T05:00:00Z,1,29,2022,1291,N390DN,MCO,Delta Air Lines
DL,2022-01-29T05:00:00Z,1,29,2022,1322,N387DN,FLL,Delta Air Lines
DL,2022-01-29T05:00:00Z,1,29,2022,1377,N3773D,MSY,Delta Air Lines
DL,2022-01-29T05:00:00Z,1,29,2022,1427,N704X,PDX,Delta Air Lines
DL,2022-01-29T05:00:00Z,1,29,2022,1547,N6715C,STT,Delta Air Lines
DL,2022-01-29T05:00:00Z,1,29,2022,1641,N3767,MSY,Delta Air Lines
DL,2022-01-29T05:00:00Z,1,29,2022,1660,N345DN,MCO,Delta Air Lines
DL,2022-01-29T05:00:00Z,1,29,2022,1859,N849DN,SJU,Delta Air Lines
DL,2022-01-29T05:00:00Z,1,29,2022,2090,N3756,TPA,Delta Air Lines
DL,2022-01-29T05:00:00Z,1,29,2022,2127,N129DN,FLL,Delta Air Lines
DL,2022-01-29T05:00:00Z,1,29,2022,2219,N382DN,MIA,Delta Air Lines
DL,2022-01-29T05:00:00Z,1,29,2022,2243,N119DN,MIA,Delta Air Lines
DL,2022-01-29T05:00:00Z,1,29,2022,2265,N387DN,RSW,Delta Air Lines
DL,2022-01-29T05:00:00Z,1,29,2022,2335,N125DN,MCO,Delta Air Lines
DL,2022-01-29T05:00:00Z,1,29,2022,2399,N3767,PBI,Delta Air Lines
DL,2022-01-29T05:00:00Z,1,29,2022,2433,N371DA,TPA,Delta Air Lines
DL,2022-01-29T05:00:00Z,1,29,2022,2469,N383DN,TPA,Delta Air Lines
DL,2022-01-29T05:00:00Z,1,29,2022,2638,N712TW,SEA,Delta Air Lines
DL,2022-01-29T05:00:00Z,1,29,2022,2724,N382DN,MIA,Delta Air Lines
DL,2022-01-29T05:00:00Z,1,29,2022,2776,N351DN,MIA,Delta Air Lines
UA,2022-01-29T05:00:00Z,1,29,2022,0515,NA,LAX,United Air Lines
UA,2022-01-29T05:00:00Z,1,29,2022,0517,NA,LAX,United Air Lines
UA,2022-01-29T05:00:00Z,1,29,2022,0521,NA,SFO,United Air Lines
UA,2022-01-29T05:00:00Z,1,29,2022,0523,NA,SFO,United Air Lines
YX,2022-01-29T05:00:00Z,1,29,2022,4503,NA,RDU,Republic Airways
YX,2022-01-29T05:00:00Z,1,29,2022,4518,NA,BNA,Republic Airways
YX,2022-01-29T05:00:00Z,1,29,2022,4520,NA,BNA,Republic Airways
YX,2022-01-29T05:00:00Z,1,29,2022,4522,NA,BWI,Republic Airways
YX,2022-01-29T05:00:00Z,1,29,2022,4525,NA,IND,Republic Airways
YX,2022-01-29T05:00:00Z,1,29,2022,4526,NA,ORF,Republic Airways
YX,2022-01-29T05:00:00Z,1,29,2022,4527,NA,ORF,Republic Airways
YX,2022-01-29T05:00:00Z,1,29,2022,4530,NA,PIT,Republic Airways
YX,2022-01-29T05:00:00Z,1,29,2022,4537,NA,RIC,Republic Airways
YX,2022-01-29T05:00:00Z,1,29,2022,4540,NA,RDU,Republic Airways
YX,2022-01-29T05:00:00Z,1,29,2022,4545,NA,BWI,Republic Airways
YX,2022-01-29T05:00:00Z,1,29,2022,4555,NA,BWI,Republic Airways
YX,2022-01-29T05:00:00Z,1,29,2022,4587,NA,CLE,Republic Airways
YX,2022-01-29T05:00:00Z,1,29,2022,4628,NA,RDU,Republic Airways
YX,2022-01-29T05:00:00Z,1,29,2022,4634,NA,CVG,Republic Airways
YX,2022-01-29T05:00:00Z,1,29,2022,4636,NA,DCA,Republic Airways
YX,2022-01-29T05:00:00Z,1,29,2022,4638,NA,IND,Republic Airways
YX,2022-01-29T05:00:00Z,1,29,2022,4641,NA,DCA,Republic Airways
YX,2022-01-29T05:00:00Z,1,29,2022,4651,NA,BWI,Republic Airways
YX,2022-01-29T05:00:00Z,1,29,2022,4662,NA,BWI,Republic Airways
YX,2022-01-29T05:00:00Z,1,29,2022,4666,NA,CLE,Republic Airways
YX,2022-01-29T05:00:00Z,1,29,2022,4671,NA,RIC,Republic Airways
YX,2022-01-29T05:00:00Z,1,29,2022,4678,NA,CLE,Republic Airways
YX,2022-01-29T05:00:00Z,1,29,2022,4687,NA,ORH,Republic Airways
YX,2022-01-29T05:00:00Z,1,29,2022,4688,NA,CMH,Republic Airways
YX,2022-01-29T05:00:00Z,1,29,2022,4690,NA,PIT,Republic Airways
YX,2022-01-29T05:00:00Z,1,29,2022,4712,NA,RIC,Republic Airways
YX,2022-01-29T05:00:00Z,1,29,2022,4717,NA,DCA,Republic Airways
YX,2022-01-29T05:00:00Z,1,29,2022,4722,NA,DCA,Republic Airways
YX,2022-01-29T05:00:00Z,1,29,2022,4767,NA,CMH,Republic Airways
YX,2022-01-29T05:00:00Z,1,29,2022,4872,NA,CVG,Republic Airways
YX,2022-01-29T05:00:00Z,1,29,2022,4886,NA,PIT,Republic Airways
YX,2022-01-29T05:00:00Z,1,29,2022,4892,NA,CLE,Republic Airways
YX,2022-01-29T05:00:00Z,1,29,2022,4913,NA,ORF,Republic Airways
YX,2022-01-29T05:00:00Z,1,29,2022,4926,NA,RDU,Republic Airways
YX,2022-01-29T05:00:00Z,1,29,2022,4939,NA,BOS,Republic Airways
YX,2022-01-29T05:00:00Z,1,29,2022,5011,NA,PIT,Republic Airways
YX,2022-01-29T05:00:00Z,1,29,2022,5595,N204JQ,PIT,Republic Airways
YX,2022-01-29T05:00:00Z,1,29,2022,5603,N205JQ,BOS,Republic Airways
YX,2022-01-29T05:00:00Z,1,29,2022,5605,N240JQ,SRQ,Republic Airways
YX,2022-01-29T05:00:00Z,1,29,2022,5606,N243JQ,JAX,Republic Airways
YX,2022-01-29T05:00:00Z,1,29,2022,5607,N203JQ,ORD,Republic Airways
YX,2022-01-29T05:00:00Z,1,29,2022,5609,N215JQ,CMH,Republic Airways
YX,2022-01-29T05:00:00Z,1,29,2022,5615,N203JQ,BOS,Republic Airways
YX,2022-01-29T05:00:00Z,1,29,2022,5630,N204JQ,CLT,Republic Airways
YX,2022-01-29T05:00:00Z,1,29,2022,5639,N207JQ,BOS,Republic Airways
YX,2022-01-29T05:00:00Z,1,29,2022,5645,N224JQ,CLT,Republic Airways
YX,2022-01-29T05:00:00Z,1,29,2022,5663,N228JQ,PIT,Republic Airways
YX,2022-01-29T05:00:00Z,1,29,2022,5665,N246JQ,DCA,Republic Airways
YX,2022-01-29T05:00:00Z,1,29,2022,5668,N216JQ,DCA,Republic Airways
YX,2022-01-29T05:00:00Z,1,29,2022,5688,N240JQ,CMH,Republic Airways
YX,2022-01-29T05:00:00Z,1,29,2022,5731,N233JQ,DCA,Republic Airways
YX,2022-01-29T05:00:00Z,1,29,2022,5740,N218JQ,JAX,Republic Airways
YX,2022-01-29T05:00:00Z,1,29,2022,5747,N243JQ,JAX,Republic Airways
YX,2022-01-29T05:00:00Z,1,29,2022,5762,N223JQ,BOS,Republic Airways
YX,2022-01-29T05:00:00Z,1,29,2022,5763,N243JQ,DCA,Republic Airways
YX,2022-01-29T05:00:00Z,1,29,2022,5806,N236JQ,BOS,Republic Airways
YX,2022-01-29T05:00:00Z,1,29,2022,5809,N203JQ,ORD,Republic Airways
YX,2022-01-29T05:00:00Z,1,29,2022,5829,N216JQ,PIT,Republic Airways
YX,2022-01-29T05:00:00Z,1,29,2022,5834,N216JQ,CMH,Republic Airways
9E,2022-01-30T05:00:00Z,1,30,2022,4629,N600LR,ORF,Endeavor Air
9E,2022-01-30T05:00:00Z,1,30,2022,4655,N935XJ,PIT,Endeavor Air
9E,2022-01-30T05:00:00Z,1,30,2022,4676,N931XJ,DTW,Endeavor Air
9E,2022-01-30T05:00:00Z,1,30,2022,4716,N309PQ,ORD,Endeavor Air
9E,2022-01-30T05:00:00Z,1,30,2022,4726,N187GJ,ROC,Endeavor Air
9E,2022-01-30T05:00:00Z,1,30,2022,4761,N166PQ,CHS,Endeavor Air
9E,2022-01-30T05:00:00Z,1,30,2022,4801,N336PQ,IND,Endeavor Air
9E,2022-01-30T05:00:00Z,1,30,2022,4829,N182GJ,RDU,Endeavor Air
9E,2022-01-30T05:00:00Z,1,30,2022,4858,N913XJ,DTW,Endeavor Air
9E,2022-01-30T05:00:00Z,1,30,2022,4865,N320PQ,ROC,Endeavor Air
9E,2022-01-30T05:00:00Z,1,30,2022,4872,N906XJ,RIC,Endeavor Air
9E,2022-01-30T05:00:00Z,1,30,2022,4873,N337PQ,RDU,Endeavor Air
9E,2022-01-30T05:00:00Z,1,30,2022,4982,N927XJ,CLE,Endeavor Air
9E,2022-01-30T05:00:00Z,1,30,2022,4997,N600LR,CLE,Endeavor Air
9E,2022-01-30T05:00:00Z,1,30,2022,5020,N349PQ,RIC,Endeavor Air
9E,2022-01-30T05:00:00Z,1,30,2022,5023,N146PQ,BNA,Endeavor Air
9E,2022-01-30T05:00:00Z,1,30,2022,5053,N153PQ,PIT,Endeavor Air
9E,2022-01-30T05:00:00Z,1,30,2022,5057,N309PQ,BUF,Endeavor Air
9E,2022-01-30T05:00:00Z,1,30,2022,5113,N371CA,RDU,Endeavor Air
9E,2022-01-30T05:00:00Z,1,30,2022,5199,N927XJ,BWI,Endeavor Air
9E,2022-01-30T05:00:00Z,1,30,2022,5207,N320PQ,ORF,Endeavor Air
9E,2022-01-30T05:00:00Z,1,30,2022,5247,N182GJ,RDU,Endeavor Air
9E,2022-01-30T05:00:00Z,1,30,2022,5282,N678CA,BUF,Endeavor Air
9E,2022-01-30T05:00:00Z,1,30,2022,5291,N300PQ,SAV,Endeavor Air
9E,2022-01-30T05:00:00Z,1,30,2022,5379,N300PQ,CLT,Endeavor Air
9E,2022-01-30T05:00:00Z,1,30,2022,5412,N146PQ,BNA,Endeavor Air
9E,2022-01-30T05:00:00Z,1,30,2022,5446,N912XJ,SYR,Endeavor Air
9E,2022-01-30T05:00:00Z,1,30,2022,5449,N600LR,BWI,Endeavor Air
9E,2022-01-30T05:00:00Z,1,30,2022,5460,N166PQ,IAD,Endeavor Air
9E,2022-01-30T05:00:00Z,1,30,2022,5470,N371CA,CLT,Endeavor Air
AA,2022-01-30T05:00:00Z,1,30,2022,0001,N112AN,LAX,American Airlines
AA,2022-01-30T05:00:00Z,1,30,2022,0003,N110AN,LAX,American Airlines
AA,2022-01-30T05:00:00Z,1,30,2022,0076,N111ZM,SFO,American Airlines
AA,2022-01-30T05:00:00Z,1,30,2022,0171,N103NN,LAX,American Airlines
AA,2022-01-30T05:00:00Z,1,30,2022,0179,N106NN,SFO,American Airlines
AA,2022-01-30T05:00:00Z,1,30,2022,0255,N104NN,LAX,American Airlines
AA,2022-01-30T05:00:00Z,1,30,2022,0306,N111ZM,LAX,American Airlines
AA,2022-01-30T05:00:00Z,1,30,2022,0429,N101NN,SNA,American Airlines
AA,2022-01-30T05:00:00Z,1,30,2022,0493,N713UW,CLT,American Airlines
AA,2022-01-30T05:00:00Z,1,30,2022,0495,N981NN,CLT,American Airlines
AA,2022-01-30T05:00:00Z,1,30,2022,0595,N770AN,MIA,American Airlines
AA,2022-01-30T05:00:00Z,1,30,2022,0830,N9017P,JAC,American Airlines
AA,2022-01-30T05:00:00Z,1,30,2022,0936,N9029F,STT,American Airlines
AA,2022-01-30T05:00:00Z,1,30,2022,1174,N316SE,MIA,American Airlines
AA,2022-01-30T05:00:00Z,1,30,2022,1228,N304RB,MIA,American Airlines
AA,2022-01-30T05:00:00Z,1,30,2022,1330,N958NN,LAS,American Airlines
AA,2022-01-30T05:00:00Z,1,30,2022,1444,N813NN,CLT,American Airlines
AA,2022-01-30T05:00:00Z,1,30,2022,1553,N9012,EGE,American Airlines
AA,2022-01-30T05:00:00Z,1,30,2022,1637,N115NN,BOS,American Airlines
AA,2022-01-30T05:00:00Z,1,30,2022,1875,N802NN,FLL,American Airlines
AA,2022-01-30T05:00:00Z,1,30,2022,2222,N115NN,BOS,American Airlines
AA,2022-01-30T05:00:00Z,1,30,2022,2234,N314RH,DFW,American Airlines
AA,2022-01-30T05:00:00Z,1,30,2022,2268,N788AN,MIA,American Airlines
AA,2022-01-30T05:00:00Z,1,30,2022,2369,N960NN,PHX,American Airlines
AA,2022-01-30T05:00:00Z,1,30,2022,2643,N878NN,CLT,American Airlines
AA,2022-01-30T05:00:00Z,1,30,2022,2772,N994NN,AUS,American Airlines
AA,2022-01-30T05:00:00Z,1,30,2022,2813,N344PP,AUS,American Airlines
AS,2022-01-30T05:00:00Z,1,30,2022,0014,N517AS,SFO,Alaska Airlines
AS,2022-01-30T05:00:00Z,1,30,2022,0027,N845VA,SFO,Alaska Airlines
AS,2022-01-30T05:00:00Z,1,30,2022,0063,N294AK,SEA,Alaska Airlines
AS,2022-01-30T05:00:00Z,1,30,2022,0077,N495AS,SEA,Alaska Airlines
B6,2022-01-30T05:00:00Z,1,30,2022,0063,N510JB,SEA,JetBlue Airways
B6,2022-01-30T05:00:00Z,1,30,2022,0065,N585JB,ABQ,JetBlue Airways
B6,2022-01-30T05:00:00Z,1,30,2022,0071,N806JB,SLC,JetBlue Airways
B6,2022-01-30T05:00:00Z,1,30,2022,0081,N598JB,RNO,JetBlue Airways
B6,2022-01-30T05:00:00Z,1,30,2022,0102,N179JB,BUF,JetBlue Airways
B6,2022-01-30T05:00:00Z,1,30,2022,0105,N715JB,ORD,JetBlue Airways
B6,2022-01-30T05:00:00Z,1,30,2022,0116,N334JB,SYR,JetBlue Airways
B6,2022-01-30T05:00:00Z,1,30,2022,0123,N2105J,LAX,JetBlue Airways
B6,2022-01-30T05:00:00Z,1,30,2022,0135,N913JB,PHX,JetBlue Airways
B6,2022-01-30T05:00:00Z,1,30,2022,0139,N662JB,BQN,JetBlue Airways
B6,2022-01-30T05:00:00Z,1,30,2022,0145,N368JB,CHS,JetBlue Airways
B6,2022-01-30T05:00:00Z,1,30,2022,0186,N187JB,ROC,JetBlue Airways
B6,2022-01-30T05:00:00Z,1,30,2022,0225,N975JT,TPA,JetBlue Airways
B6,2022-01-30T05:00:00Z,1,30,2022,0234,N339JB,BTV,JetBlue Airways
B6,2022-01-30T05:00:00Z,1,30,2022,0263,N944JT,SEA,JetBlue Airways
B6,2022-01-30T05:00:00Z,1,30,2022,0283,N2027J,MCO,JetBlue Airways
B6,2022-01-30T05:00:00Z,1,30,2022,0303,N708JB,SJU,JetBlue Airways
B6,2022-01-30T05:00:00Z,1,30,2022,0359,N903JB,BUR,JetBlue Airways
B6,2022-01-30T05:00:00Z,1,30,2022,0385,N266JB,RDU,JetBlue Airways
B6,2022-01-30T05:00:00Z,1,30,2022,0425,N630JB,TPA,JetBlue Airways
B6,2022-01-30T05:00:00Z,1,30,2022,0486,N358JB,ROC,JetBlue Airways
B6,2022-01-30T05:00:00Z,1,30,2022,0518,N216JB,BOS,JetBlue Airways
B6,2022-01-30T05:00:00Z,1,30,2022,0519,N537JT,ATL,JetBlue Airways
B6,2022-01-30T05:00:00Z,1,30,2022,0553,N509JB,PBI,JetBlue Airways
B6,2022-01-30T05:00:00Z,1,30,2022,0586,N329JB,ROC,JetBlue Airways
B6,2022-01-30T05:00:00Z,1,30,2022,0601,N652JB,FLL,JetBlue Airways
B6,2022-01-30T05:00:00Z,1,30,2022,0623,N929JB,LAX,JetBlue Airways
B6,2022-01-30T05:00:00Z,1,30,2022,0629,N649JB,RSW,JetBlue Airways
B6,2022-01-30T05:00:00Z,1,30,2022,0653,N659JB,PBI,JetBlue Airways
B6,2022-01-30T05:00:00Z,1,30,2022,0669,N784JB,SJC,JetBlue Airways
B6,2022-01-30T05:00:00Z,1,30,2022,0676,N328JB,ORH,JetBlue Airways
B6,2022-01-30T05:00:00Z,1,30,2022,0677,N834JB,JAX,JetBlue Airways
B6,2022-01-30T05:00:00Z,1,30,2022,0711,N955JB,LAS,JetBlue Airways
B6,2022-01-30T05:00:00Z,1,30,2022,0776,N354JB,ORH,JetBlue Airways
B6,2022-01-30T05:00:00Z,1,30,2022,0809,N662JB,DFW,JetBlue Airways
B6,2022-01-30T05:00:00Z,1,30,2022,0853,N806JB,PBI,JetBlue Airways
B6,2022-01-30T05:00:00Z,1,30,2022,0871,N775JB,SLC,JetBlue Airways
B6,2022-01-30T05:00:00Z,1,30,2022,0883,N2017J,MCO,JetBlue Airways
B6,2022-01-30T05:00:00Z,1,30,2022,0915,N993JE,SFO,JetBlue Airways
B6,2022-01-30T05:00:00Z,1,30,2022,1005,N809JB,PDX,JetBlue Airways
B6,2022-01-30T05:00:00Z,1,30,2022,1008,N504JB,BOS,JetBlue Airways
B6,2022-01-30T05:00:00Z,1,30,2022,1019,N324JB,DTW,JetBlue Airways
B6,2022-01-30T05:00:00Z,1,30,2022,1053,N827JB,PBI,JetBlue Airways
B6,2022-01-30T05:00:00Z,1,30,2022,1083,N641JB,MCO,JetBlue Airways
B6,2022-01-30T05:00:00Z,1,30,2022,1118,N354JB,BOS,JetBlue Airways
B6,2022-01-30T05:00:00Z,1,30,2022,1183,N955JB,MCO,JetBlue Airways
B6,2022-01-30T05:00:00Z,1,30,2022,1273,N231JB,CHS,JetBlue Airways
B6,2022-01-30T05:00:00Z,1,30,2022,1277,N639JB,JAX,JetBlue Airways
B6,2022-01-30T05:00:00Z,1,30,2022,1401,N2002J,FLL,JetBlue Airways
B6,2022-01-30T05:00:00Z,1,30,2022,1415,N990JL,SFO,JetBlue Airways
B6,2022-01-30T05:00:00Z,1,30,2022,1418,N524JB,BOS,JetBlue Airways
B6,2022-01-30T05:00:00Z,1,30,2022,1483,N999JQ,MCO,JetBlue Airways
B6,2022-01-30T05:00:00Z,1,30,2022,1601,N2048J,FLL,JetBlue Airways
B6,2022-01-30T05:00:00Z,1,30,2022,1603,N2017J,SJU,JetBlue Airways
B6,2022-01-30T05:00:00Z,1,30,2022,1623,N980JT,LAX,JetBlue Airways
B6,2022-01-30T05:00:00Z,1,30,2022,1701,N634JB,FLL,JetBlue Airways
B6,2022-01-30T05:00:00Z,1,30,2022,1719,N179JB,ATL,JetBlue Airways
B6,2022-01-30T05:00:00Z,1,30,2022,1723,N983JT,LAX,JetBlue Airways
B6,2022-01-30T05:00:00Z,1,30,2022,1729,N554JB,RSW,JetBlue Airways
B6,2022-01-30T05:00:00Z,1,30,2022,1853,N527JL,PBI,JetBlue Airways
B6,2022-01-30T05:00:00Z,1,30,2022,2103,N775JB,SJU,JetBlue Airways
B6,2022-01-30T05:00:00Z,1,30,2022,2155,N281JB,EYW,JetBlue Airways
B6,2022-01-30T05:00:00Z,1,30,2022,2193,N975JT,MIA,JetBlue Airways
B6,2022-01-30T05:00:00Z,1,30,2022,2516,N179JB,SYR,JetBlue Airways
B6,2022-01-30T05:00:00Z,1,30,2022,2693,N615JB,MIA,JetBlue Airways
B6,2022-01-30T05:00:00Z,1,30,2022,2893,N595JB,MIA,JetBlue Airways
DL,2022-01-30T05:00:00Z,1,30,2022,0302,N833MH,LAX,Delta Air Lines
DL,2022-01-30T05:00:00Z,1,30,2022,0311,N184DN,SFO,Delta Air Lines
DL,2022-01-30T05:00:00Z,1,30,2022,0313,N829MH,LAX,Delta Air Lines
DL,2022-01-30T05:00:00Z,1,30,2022,0315,N342DN,SLC,Delta Air Lines
DL,2022-01-30T05:00:00Z,1,30,2022,0326,N193DN,LAX,Delta Air Lines
DL,2022-01-30T05:00:00Z,1,30,2022,0350,N1603,SAN,Delta Air Lines
DL,2022-01-30T05:00:00Z,1,30,2022,0351,N182DN,LAX,Delta Air Lines
DL,2022-01-30T05:00:00Z,1,30,2022,0354,N727TW,SLC,Delta Air Lines
DL,2022-01-30T05:00:00Z,1,30,2022,0384,N851DN,SLC,Delta Air Lines
DL,2022-01-30T05:00:00Z,1,30,2022,0387,N829MH,LAS,Delta Air Lines
DL,2022-01-30T05:00:00Z,1,30,2022,0424,N349DX,ATL,Delta Air Lines
DL,2022-01-30T05:00:00Z,1,30,2022,0427,N185DN,SEA,Delta Air Lines
DL,2022-01-30T05:00:00Z,1,30,2022,0430,N853NW,LAS,Delta Air Lines
DL,2022-01-30T05:00:00Z,1,30,2022,0435,N868DN,ATL,Delta Air Lines
DL,2022-01-30T05:00:00Z,1,30,2022,0439,N1200K,LAX,Delta Air Lines
DL,2022-01-30T05:00:00Z,1,30,2022,0442,N192DN,SFO,Delta Air Lines
DL,2022-01-30T05:00:00Z,1,30,2022,0452,N723TW,SEA,Delta Air Lines
DL,2022-01-30T05:00:00Z,1,30,2022,0460,N707TW,SEA,Delta Air Lines
DL,2022-01-30T05:00:00Z,1,30,2022,0487,N1201P,SFO,Delta Air Lines
DL,2022-01-30T05:00:00Z,1,30,2022,0543,N827MH,LAX,Delta Air Lines
DL,2022-01-30T05:00:00Z,1,30,2022,0639,N893DN,SJU,Delta Air Lines
DL,2022-01-30T05:00:00Z,1,30,2022,0655,N318NB,AUS,Delta Air Lines
DL,2022-01-30T05:00:00Z,1,30,2022,0659,N318NB,AUS,Delta Air Lines
DL,2022-01-30T05:00:00Z,1,30,2022,0795,N829MH,PHX,Delta Air Lines
DL,2022-01-30T05:00:00Z,1,30,2022,0797,N3763D,PBI,Delta Air Lines
DL,2022-01-30T05:00:00Z,1,30,2022,0806,N926DZ,SJU,Delta Air Lines
DL,2022-01-30T05:00:00Z,1,30,2022,0812,N345DN,MCO,Delta Air Lines
DL,2022-01-30T05:00:00Z,1,30,2022,0829,N920DU,PHX,Delta Air Lines
DL,2022-01-30T05:00:00Z,1,30,2022,0856,N386DA,ATL,Delta Air Lines
DL,2022-01-30T05:00:00Z,1,30,2022,0863,N841DN,ATL,Delta Air Lines
DL,2022-01-30T05:00:00Z,1,30,2022,0992,N103DU,MSP,Delta Air Lines
DL,2022-01-30T05:00:00Z,1,30,2022,1005,N103DU,DFW,Delta Air Lines
DL,2022-01-30T05:00:00Z,1,30,2022,1077,N821DN,DEN,Delta Air Lines
DL,2022-01-30T05:00:00Z,1,30,2022,1104,N832MH,LAS,Delta Air Lines
DL,2022-01-30T05:00:00Z,1,30,2022,1170,N721TW,DEN,Delta Air Lines
DL,2022-01-30T05:00:00Z,1,30,2022,1175,N365NB,AUS,Delta Air Lines
DL,2022-01-30T05:00:00Z,1,30,2022,1272,N318DX,FLL,Delta Air Lines
DL,2022-01-30T05:00:00Z,1,30,2022,1377,N386DA,MSY,Delta Air Lines
DL,2022-01-30T05:00:00Z,1,30,2022,1547,N695DL,STT,Delta Air Lines
DL,2022-01-30T05:00:00Z,1,30,2022,1695,N355DN,FLL,Delta Air Lines
DL,2022-01-30T05:00:00Z,1,30,2022,2090,N3763D,TPA,Delta Air Lines
DL,2022-01-30T05:00:00Z,1,30,2022,2127,N111DC,FLL,Delta Air Lines
DL,2022-01-30T05:00:00Z,1,30,2022,2219,N382DN,MIA,Delta Air Lines
DL,2022-01-30T05:00:00Z,1,30,2022,2265,N345DN,RSW,Delta Air Lines
DL,2022-01-30T05:00:00Z,1,30,2022,2335,N317DN,MCO,Delta Air Lines
DL,2022-01-30T05:00:00Z,1,30,2022,2469,N3768,TPA,Delta Air Lines
DL,2022-01-30T05:00:00Z,1,30,2022,2638,N712TW,SEA,Delta Air Lines
DL,2022-01-30T05:00:00Z,1,30,2022,2724,N351DN,MIA,Delta Air Lines
DL,2022-01-30T05:00:00Z,1,30,2022,2776,N345DN,MIA,Delta Air Lines
UA,2022-01-30T05:00:00Z,1,30,2022,0515,NA,LAX,United Air Lines
UA,2022-01-30T05:00:00Z,1,30,2022,0521,NA,SFO,United Air Lines
YX,2022-01-30T05:00:00Z,1,30,2022,4518,NA,BNA,Republic Airways
YX,2022-01-30T05:00:00Z,1,30,2022,4526,NA,ORF,Republic Airways
YX,2022-01-30T05:00:00Z,1,30,2022,4527,NA,ORF,Republic Airways
YX,2022-01-30T05:00:00Z,1,30,2022,4545,NA,BWI,Republic Airways
YX,2022-01-30T05:00:00Z,1,30,2022,4555,NA,BWI,Republic Airways
YX,2022-01-30T05:00:00Z,1,30,2022,4634,NA,CVG,Republic Airways
YX,2022-01-30T05:00:00Z,1,30,2022,4638,NA,IND,Republic Airways
YX,2022-01-30T05:00:00Z,1,30,2022,4641,NA,DCA,Republic Airways
YX,2022-01-30T05:00:00Z,1,30,2022,4666,NA,CLE,Republic Airways
YX,2022-01-30T05:00:00Z,1,30,2022,4712,NA,RIC,Republic Airways
YX,2022-01-30T05:00:00Z,1,30,2022,4886,NA,PIT,Republic Airways
YX,2022-01-30T05:00:00Z,1,30,2022,4892,NA,CLE,Republic Airways
YX,2022-01-30T05:00:00Z,1,30,2022,4913,NA,ORF,Republic Airways
YX,2022-01-30T05:00:00Z,1,30,2022,4926,NA,RDU,Republic Airways
YX,2022-01-30T05:00:00Z,1,30,2022,5603,N225JQ,BOS,Republic Airways
YX,2022-01-30T05:00:00Z,1,30,2022,5606,N860RW,JAX,Republic Airways
YX,2022-01-30T05:00:00Z,1,30,2022,5607,N231JQ,ORD,Republic Airways
YX,2022-01-30T05:00:00Z,1,30,2022,5609,N225JQ,CMH,Republic Airways
YX,2022-01-30T05:00:00Z,1,30,2022,5619,N209JQ,RDU,Republic Airways
YX,2022-01-30T05:00:00Z,1,30,2022,5630,N240JQ,CLT,Republic Airways
YX,2022-01-30T05:00:00Z,1,30,2022,5639,N204JQ,BOS,Republic Airways
YX,2022-01-30T05:00:00Z,1,30,2022,5645,N219YX,CLT,Republic Airways
YX,2022-01-30T05:00:00Z,1,30,2022,5668,N860RW,DCA,Republic Airways
YX,2022-01-30T05:00:00Z,1,30,2022,5687,N218JQ,CMH,Republic Airways
YX,2022-01-30T05:00:00Z,1,30,2022,5747,N223JQ,JAX,Republic Airways
YX,2022-01-30T05:00:00Z,1,30,2022,5762,N206JQ,BOS,Republic Airways
YX,2022-01-30T05:00:00Z,1,30,2022,5806,N241JQ,BOS,Republic Airways
YX,2022-01-30T05:00:00Z,1,30,2022,5809,N203JQ,ORD,Republic Airways
9E,2022-01-31T05:00:00Z,1,31,2022,4726,N329PQ,ROC,Endeavor Air
9E,2022-01-31T05:00:00Z,1,31,2022,4873,N146PQ,RDU,Endeavor Air
9E,2022-01-31T05:00:00Z,1,31,2022,4982,N329PQ,CLE,Endeavor Air
9E,2022-01-31T05:00:00Z,1,31,2022,4997,N932XJ,CLE,Endeavor Air
9E,2022-01-31T05:00:00Z,1,31,2022,5460,N935XJ,IAD,Endeavor Air
B6,2022-01-31T05:00:00Z,1,31,2022,0001,N703JB,FLL,JetBlue Airways
B6,2022-01-31T05:00:00Z,1,31,2022,0015,N991JT,SFO,JetBlue Airways
B6,2022-01-31T05:00:00Z,1,31,2022,0053,N629JB,PBI,JetBlue Airways
B6,2022-01-31T05:00:00Z,1,31,2022,0089,N982JB,SAN,JetBlue Airways
B6,2022-01-31T05:00:00Z,1,31,2022,0135,N625JB,PHX,JetBlue Airways
B6,2022-01-31T05:00:00Z,1,31,2022,0189,N629JB,SAN,JetBlue Airways
B6,2022-01-31T05:00:00Z,1,31,2022,0263,N980JT,SEA,JetBlue Airways
B6,2022-01-31T05:00:00Z,1,31,2022,0283,N2002J,MCO,JetBlue Airways
B6,2022-01-31T05:00:00Z,1,31,2022,0303,N579JB,SJU,JetBlue Airways
B6,2022-01-31T05:00:00Z,1,31,2022,0341,N657JB,SAV,JetBlue Airways
B6,2022-01-31T05:00:00Z,1,31,2022,0359,N2048J,BUR,JetBlue Airways
B6,2022-01-31T05:00:00Z,1,31,2022,0385,N258JB,RDU,JetBlue Airways
B6,2022-01-31T05:00:00Z,1,31,2022,0459,N2016J,BUR,JetBlue Airways
B6,2022-01-31T05:00:00Z,1,31,2022,0518,N339JB,BOS,JetBlue Airways
B6,2022-01-31T05:00:00Z,1,31,2022,0629,N526JL,RSW,JetBlue Airways
B6,2022-01-31T05:00:00Z,1,31,2022,0676,N267JB,ORH,JetBlue Airways
B6,2022-01-31T05:00:00Z,1,31,2022,0723,N934JB,LAX,JetBlue Airways
B6,2022-01-31T05:00:00Z,1,31,2022,0823,N993JE,LAX,JetBlue Airways
B6,2022-01-31T05:00:00Z,1,31,2022,1019,N317JB,DTW,JetBlue Airways
B6,2022-01-31T05:00:00Z,1,31,2022,1053,N643JB,PBI,JetBlue Airways
B6,2022-01-31T05:00:00Z,1,31,2022,1118,N351JB,BOS,JetBlue Airways
B6,2022-01-31T05:00:00Z,1,31,2022,1119,N834JB,ATL,JetBlue Airways
B6,2022-01-31T05:00:00Z,1,31,2022,1277,N708JB,JAX,JetBlue Airways
B6,2022-01-31T05:00:00Z,1,31,2022,1438,N625JB,BOS,JetBlue Airways
B6,2022-01-31T05:00:00Z,1,31,2022,1602,N203JB,BUF,JetBlue Airways
B6,2022-01-31T05:00:00Z,1,31,2022,1634,N375JB,BTV,JetBlue Airways
B6,2022-01-31T05:00:00Z,1,31,2022,2193,N958JB,MIA,JetBlue Airways
DL,2022-01-31T05:00:00Z,1,31,2022,1547,NA,STT,Delta Air Lines
