"tiles-wrapper src","tiles-wrapper","pull-left src","pull-left","col-xs-12"
"https://www.jfkairport.com/static/img/srs/Food-and-Beverage.svg","Air Bar / Tim Hortons / NY Deli","https://www.jfkairport.com/static/JFK/terminalImages/JFK_AirTrain_Stations.png","Jamaica Station AirTrain Station","Grab & Go, Coffee & Tea"
"https://www.jfkairport.com/static/img/srs/Shop.svg","Metro News & Gifts","https://www.jfkairport.com/static/JFK/terminalImages/JFK_AirTrain_Stations.png","Jamaica Station AirTrain Station",""
"https://www.jfkairport.com/static/img/srs/Shop.svg","Metro News & Gifts","https://www.jfkairport.com/static/JFK/terminalImages/JFK_AirTrain_Stations.png","Jamaica Station near LIRR","Travel Essentials"
"https://www.jfkairport.com/static/img/srs/Shop.svg","Metro News & Gifts  (Temporarily Closed)","https://www.jfkairport.com/static/JFK/terminalImages/JFK_AirTrain_Stations.png","Howard Beach Air Train Station",""
"https://www.jfkairport.com/static/img/srs/Services-and-Amenities.svg","Restrooms","https://www.jfkairport.com/static/JFK/terminalImages/JFK_AirTrain_Stations.png","Federal Circle, Rental Cars, Level 1 (near Avis)","Restrooms"
"https://www.jfkairport.com/static/img/srs/Services-and-Amenities.svg","Restrooms","https://www.jfkairport.com/static/JFK/terminalImages/JFK_AirTrain_Stations.png","TWA Hotel, Level 2 (Saarinen/Hughes wing)","Restrooms"
"https://www.jfkairport.com/static/img/srs/Services-and-Amenities.svg","Air France Lounge","https://www.jfkairport.com/static/JFK/terminalImages/Terminal_1.png","Near Gate 1","Lounges"
"https://www.jfkairport.com/static/img/srs/Food-and-Beverage.svg","Arrivals Eatery","https://www.jfkairport.com/static/JFK/terminalImages/Terminal_1.png","Pre-Security","$2 Water"
"https://www.jfkairport.com/static/img/srs/Services-and-Amenities.svg","ATM","https://www.jfkairport.com/static/JFK/terminalImages/Terminal_1.png","Arrivals Level - West","Currency Exchange"
"https://www.jfkairport.com/static/img/srs/Services-and-Amenities.svg","ATM","https://www.jfkairport.com/static/JFK/terminalImages/Terminal_1.png","Departures Level - West","Currency Exchange"
"https://www.jfkairport.com/static/img/srs/Services-and-Amenities.svg","ATM","https://www.jfkairport.com/static/JFK/terminalImages/Terminal_1.png","Food Court","Currency Exchange"
"https://www.jfkairport.com/static/img/srs/Services-and-Amenities.svg","ATM","https://www.jfkairport.com/static/JFK/terminalImages/Terminal_1.png","Gate 3","Currency Exchange"
"https://www.jfkairport.com/static/img/srs/Services-and-Amenities.svg","ATM","https://www.jfkairport.com/static/JFK/terminalImages/Terminal_1.png","Gate 4","Currency Exchange"
"https://www.jfkairport.com/static/img/srs/Services-and-Amenities.svg","Bag storage by SmartCarte","https://www.jfkairport.com/static/JFK/terminalImages/Terminal_1.png","718-751-1770","Baggage Storage"
"https://www.jfkairport.com/static/img/srs/Services-and-Amenities.svg","Baggage Storage","https://www.jfkairport.com/static/JFK/terminalImages/Terminal_1.png","Arrivals - Accommodations Plus International - (718) 751-2947","Baggage Storage"
"https://www.jfkairport.com/static/img/srs/Shop.svg","Bvlgari","https://www.jfkairport.com/static/JFK/terminalImages/Terminal_1.png","Near Gate 5","Gifts & Souvenirs, Fashion & Accessories"
"https://www.jfkairport.com/static/img/srs/Shop.svg","Cartier","https://www.jfkairport.com/static/JFK/terminalImages/Terminal_1.png","Nearest Gate 4","Fashion & Accessories"
"https://www.jfkairport.com/static/img/srs/Services-and-Amenities.svg","Charging Station","https://www.jfkairport.com/static/JFK/terminalImages/Terminal_1.png","Gates 5, 7, 8","Charging Station"
"https://www.jfkairport.com/static/img/srs/Services-and-Amenities.svg","Charging Station","https://www.jfkairport.com/static/JFK/terminalImages/Terminal_1.png","Welcome Center outside Arrivals Area","Charging Station"
"https://www.jfkairport.com/static/img/srs/Shop.svg","Clinique/Estee Lauder","https://www.jfkairport.com/static/JFK/terminalImages/Terminal_1.png","Gate 5","Fashion & Accessories"
"https://www.jfkairport.com/static/img/srs/Shop.svg","Coach","https://www.jfkairport.com/static/JFK/terminalImages/Terminal_1.png","Gate 4","Fashion & Accessories"
"https://www.jfkairport.com/static/img/srs/Services-and-Amenities.svg","Currency Exchange","https://www.jfkairport.com/static/JFK/terminalImages/Terminal_1.png","Arrivals Level - West","Currency Exchange"
"https://www.jfkairport.com/static/img/srs/Services-and-Amenities.svg","Currency Exchange","https://www.jfkairport.com/static/JFK/terminalImages/Terminal_1.png","Departures Level - W Concourse Gates 1-3","Currency Exchange"
"https://www.jfkairport.com/static/img/srs/Food-and-Beverage.svg","Downtown Market","https://www.jfkairport.com/static/JFK/terminalImages/Terminal_1.png","Post Security","$2 Water"
"https://www.jfkairport.com/static/img/srs/Food-and-Beverage.svg","Dunkin Donuts Mezz Level","https://www.jfkairport.com/static/JFK/terminalImages/Terminal_1.png","Pre-Security","$2 Water"
"https://www.jfkairport.com/static/img/srs/Food-and-Beverage.svg","Dunkin' Donuts (kiosk)","https://www.jfkairport.com/static/JFK/terminalImages/Terminal_1.png","Food Court","Grab & Go, Coffee & Tea, Children’s Menu"
"https://www.jfkairport.com/static/img/srs/Shop.svg","Duty Free (kiosk)","https://www.jfkairport.com/static/JFK/terminalImages/Terminal_1.png","Shopping Area","Gifts & Souvenirs, Electronics, Duty Free, Cosmetics & Skin Care"
"https://www.jfkairport.com/static/img/srs/Shop.svg","Duty Free Int'l Shops","https://www.jfkairport.com/static/JFK/terminalImages/Terminal_1.png","Checkpoint to Gates 4-10","Gifts & Souvenirs, Electronics, Duty Free, Cosmetics & Skin Care"
"https://www.jfkairport.com/static/img/srs/Food-and-Beverage.svg","Eat & Go Istanbul","https://www.jfkairport.com/static/JFK/terminalImages/Terminal_1.png","Between Gates 5-7","Grab & Go, Coffee & Tea"
"https://www.jfkairport.com/static/img/srs/Food-and-Beverage.svg","Euro Cafe","https://www.jfkairport.com/static/JFK/terminalImages/Terminal_1.png","Arrivals Level - West","Grab & Go, Coffee & Tea"
"https://www.jfkairport.com/static/img/srs/Shop.svg","Fresh Flowers (kiosk)","https://www.jfkairport.com/static/JFK/terminalImages/Terminal_1.png","Arrivals Level -East","Gifts & Souvenirs, Florist"
"https://www.jfkairport.com/static/img/srs/Shop.svg","Fresh Flowers (kiosk)","https://www.jfkairport.com/static/JFK/terminalImages/Terminal_1.png","Arrivals Level -West","Gifts & Souvenirs, Florist"
"https://www.jfkairport.com/static/img/srs/Shop.svg","Harley-Davidson","https://www.jfkairport.com/static/JFK/terminalImages/Terminal_1.png","Gate 5","Gifts & Souvenirs, Fashion & Accessories"
"https://www.jfkairport.com/static/img/srs/Shop.svg","Hermes Center Boutique","https://www.jfkairport.com/static/JFK/terminalImages/Terminal_1.png","Departures Level - S Concourse Gate 5","Gifts & Souvenirs, Fashion & Accessories"
"https://www.jfkairport.com/static/img/srs/Shop.svg","Hudson News","https://www.jfkairport.com/static/JFK/terminalImages/Terminal_1.png","Behind Check-in Counters C/D","Grab & Go, Gifts & Souvenirs, Convenience Shopping"
"https://www.jfkairport.com/static/img/srs/Shop.svg","Hudson News","https://www.jfkairport.com/static/JFK/terminalImages/Terminal_1.png","Behind Check-in Counters G/H","Grab & Go, Gifts & Souvenirs, Convenience Shopping"
"https://www.jfkairport.com/static/img/srs/Shop.svg","Hudson News","https://www.jfkairport.com/static/JFK/terminalImages/Terminal_1.png","Gate 4","Grab & Go, Gifts & Souvenirs, Convenience Shopping"
"https://www.jfkairport.com/static/img/srs/Food-and-Beverage.svg","Hudson News","https://www.jfkairport.com/static/JFK/terminalImages/Terminal_1.png","Post Security East Departures","$2 Water"
"https://www.jfkairport.com/static/img/srs/Food-and-Beverage.svg","Hudson News","https://www.jfkairport.com/static/JFK/terminalImages/Terminal_1.png","Post Security West Departures","$2 Water"
"https://www.jfkairport.com/static/img/srs/Food-and-Beverage.svg","Hudson News","https://www.jfkairport.com/static/JFK/terminalImages/Terminal_1.png","Pre-Security East Departures","$2 Water"
"https://www.jfkairport.com/static/img/srs/Food-and-Beverage.svg","Hudson News","https://www.jfkairport.com/static/JFK/terminalImages/Terminal_1.png","Pre-Security West Departures","$2 Water"
"https://www.jfkairport.com/static/img/srs/Shop.svg","Hudson News (kiosk)","https://www.jfkairport.com/static/JFK/terminalImages/Terminal_1.png","Gate 3","Grab & Go, Gifts & Souvenirs, Convenience Shopping"
"https://www.jfkairport.com/static/img/srs/Shop.svg","Hudson News /Euro Cafe","https://www.jfkairport.com/static/JFK/terminalImages/Terminal_1.png","Arrivals Level -West",""
"https://www.jfkairport.com/static/img/srs/Shop.svg","Internet Cafe / Cell Phone","https://www.jfkairport.com/static/JFK/terminalImages/Terminal_1.png","Arrivals Level -East","Gifts & Souvenirs, Electronics"
"https://www.jfkairport.com/static/img/srs/Food-and-Beverage.svg","JikJi Cafe","https://www.jfkairport.com/static/JFK/terminalImages/Terminal_1.png","Food Court","Grab & Go"
"https://www.jfkairport.com/static/img/srs/Food-and-Beverage.svg","Jikji Café","https://www.jfkairport.com/static/JFK/terminalImages/Terminal_1.png","Pre-Security","$2 Water"
"https://www.jfkairport.com/static/img/srs/Shop.svg","Juicy Couture","https://www.jfkairport.com/static/JFK/terminalImages/Terminal_1.png","Checkpoint to Gates 1-3","Fashion & Accessories"
"https://www.jfkairport.com/static/img/srs/Shop.svg","L'Occitane (kiosk)","https://www.jfkairport.com/static/JFK/terminalImages/Terminal_1.png","Checkpoint to Gates 4-10","Gifts & Souvenirs, Cosmetics & Skin Care"
"https://www.jfkairport.com/static/img/srs/Services-and-Amenities.svg","Lufthansa Lounge","https://www.jfkairport.com/static/JFK/terminalImages/Terminal_1.png","On the left","Lounges"
"https://www.jfkairport.com/static/img/srs/Food-and-Beverage.svg","M&R Dunkin Donuts","https://www.jfkairport.com/static/JFK/terminalImages/Terminal_1.png","Pre-Security","$2 Water"
"https://www.jfkairport.com/static/img/srs/Food-and-Beverage.svg","Martini Bar","https://www.jfkairport.com/static/JFK/terminalImages/Terminal_1.png","Departures Level -S Concourse Gate 9","Restaurants, Bar"
"https://www.jfkairport.com/static/img/srs/Food-and-Beverage.svg","McDonald's","https://www.jfkairport.com/static/JFK/terminalImages/Terminal_1.png","Food Court","Grab & Go, Children’s Menu"
"https://www.jfkairport.com/static/img/srs/Shop.svg","Michael Kors","https://www.jfkairport.com/static/JFK/terminalImages/Terminal_1.png","Checkpoint to Gates 4-10","Fashion & Accessories"
"https://www.jfkairport.com/static/img/srs/Shop.svg","Mont Blanc","https://www.jfkairport.com/static/JFK/terminalImages/Terminal_1.png","Checkpoint to Gates 4-10","Gifts & Souvenirs"
"https://www.jfkairport.com/static/img/srs/Shop.svg","New York Gifts (kiosk)","https://www.jfkairport.com/static/JFK/terminalImages/Terminal_1.png","Gate 4","Gifts & Souvenirs"
"https://www.jfkairport.com/static/img/srs/Services-and-Amenities.svg","Nursing Stations","https://www.jfkairport.com/static/JFK/terminalImages/Terminal_1.png","Gate 1 outside the Air France Lounge","Nursing Suites"
"https://www.jfkairport.com/static/img/srs/Food-and-Beverage.svg","Panini Express","https://www.jfkairport.com/static/JFK/terminalImages/Terminal_1.png","Arrivals Level East","Grab & Go"
"https://www.jfkairport.com/static/img/srs/Food-and-Beverage.svg","Panini Express","https://www.jfkairport.com/static/JFK/terminalImages/Terminal_1.png","Departures Level - S Concourse Gate 8","Grab & Go"
"https://www.jfkairport.com/static/img/srs/Food-and-Beverage.svg","Panini Express (kiosk)","https://www.jfkairport.com/static/JFK/terminalImages/Terminal_1.png","Departures Level - W Concourse Gates 1-3","Grab & Go"
"https://www.jfkairport.com/static/img/srs/Food-and-Beverage.svg","Pizza Pub","https://www.jfkairport.com/static/JFK/terminalImages/Terminal_1.png","Departures Level - Gate 8","Grab & Go, Children’s Menu"
"https://www.jfkairport.com/static/img/srs/Food-and-Beverage.svg","Pizza Pub","https://www.jfkairport.com/static/JFK/terminalImages/Terminal_1.png","Post Security","$2 Water"
"https://www.jfkairport.com/static/img/srs/Services-and-Amenities.svg","Restrooms","https://www.jfkairport.com/static/JFK/terminalImages/Terminal_1.png","Arrivals, Level 1 (East) area","Restrooms"
"https://www.jfkairport.com/static/img/srs/Services-and-Amenities.svg","Restrooms","https://www.jfkairport.com/static/JFK/terminalImages/Terminal_1.png","Arrivals, Level 1 (West) area","Restrooms"
"https://www.jfkairport.com/static/img/srs/Services-and-Amenities.svg","Restrooms","https://www.jfkairport.com/static/JFK/terminalImages/Terminal_1.png","Check-In (near phones/Baggage claim 5)","Restrooms"
"https://www.jfkairport.com/static/img/srs/Services-and-Amenities.svg","Restrooms","https://www.jfkairport.com/static/JFK/terminalImages/Terminal_1.png","Check-In (near water fountain/Baggage claim 5)","Restrooms"
"https://www.jfkairport.com/static/img/srs/Services-and-Amenities.svg","Restrooms","https://www.jfkairport.com/static/JFK/terminalImages/Terminal_1.png","Check-In (Pre Passport Control)","Restrooms"
"https://www.jfkairport.com/static/img/srs/Services-and-Amenities.svg","Restrooms","https://www.jfkairport.com/static/JFK/terminalImages/Terminal_1.png","Departures, Check-In, Level 3 (East) area","Restrooms"
"https://www.jfkairport.com/static/img/srs/Services-and-Amenities.svg","Restrooms","https://www.jfkairport.com/static/JFK/terminalImages/Terminal_1.png","Departures, Check-In, Level 3 (West) area","Restrooms"
"https://www.jfkairport.com/static/img/srs/Services-and-Amenities.svg","Restrooms","https://www.jfkairport.com/static/JFK/terminalImages/Terminal_1.png","Departures, Level 3 (near Gate 4)","Restrooms"
"https://www.jfkairport.com/static/img/srs/Services-and-Amenities.svg","Restrooms","https://www.jfkairport.com/static/JFK/terminalImages/Terminal_1.png","Departures, Level 3 (near Gate 5)","Restrooms"
"https://www.jfkairport.com/static/img/srs/Services-and-Amenities.svg","Restrooms","https://www.jfkairport.com/static/JFK/terminalImages/Terminal_1.png","Departures, Level 3 (near Gates 1-3)","Restrooms"
"https://www.jfkairport.com/static/img/srs/Services-and-Amenities.svg","Restrooms","https://www.jfkairport.com/static/JFK/terminalImages/Terminal_1.png","Mezzanine Level 4 (Food court) area","Restrooms"
"https://www.jfkairport.com/static/img/srs/Shop.svg","Salvatore Ferragamo","https://www.jfkairport.com/static/JFK/terminalImages/Terminal_1.png","Gate 5","Fashion & Accessories"
"https://www.jfkairport.com/static/img/srs/Services-and-Amenities.svg","Service Animal/Pet Relief Area","https://www.jfkairport.com/static/JFK/terminalImages/Terminal_1.png","Outside, Arrivals Area, East End","Service Animal & Pet Relief"
"https://www.jfkairport.com/static/img/srs/Food-and-Beverage.svg","Soho Bites","https://www.jfkairport.com/static/JFK/terminalImages/Terminal_1.png","Departures Level - Gate 3","Restaurants, Grab & Go"
"https://www.jfkairport.com/static/img/srs/Food-and-Beverage.svg","Soho Bites","https://www.jfkairport.com/static/JFK/terminalImages/Terminal_1.png","Post Security","$2 Water"
"https://www.jfkairport.com/static/img/srs/Food-and-Beverage.svg","Soy & Sake","https://www.jfkairport.com/static/JFK/terminalImages/Terminal_1.png","Departures Level - Gate 6","Restaurants, Bar"
"https://www.jfkairport.com/static/img/srs/Food-and-Beverage.svg","Soy & Sake","https://www.jfkairport.com/static/JFK/terminalImages/Terminal_1.png","Post Security","$2 Water"
"https://www.jfkairport.com/static/img/srs/Food-and-Beverage.svg","Starbucks","https://www.jfkairport.com/static/JFK/terminalImages/Terminal_1.png","Food Court","Grab & Go, Coffee & Tea"
"https://www.jfkairport.com/static/img/srs/Food-and-Beverage.svg","Taste NY","https://www.jfkairport.com/static/JFK/terminalImages/Terminal_1.png","Post Security - Near Gate 4","Restaurants"
"https://www.jfkairport.com/static/img/srs/Food-and-Beverage.svg","The LOCAL","https://www.jfkairport.com/static/JFK/terminalImages/Terminal_1.png","Departures Level- Gate 4","Restaurants, Bar"
"https://www.jfkairport.com/static/img/srs/Food-and-Beverage.svg","The LOCAL","https://www.jfkairport.com/static/JFK/terminalImages/Terminal_1.png","Post Security","$2 Water"
"https://www.jfkairport.com/static/img/srs/Services-and-Amenities.svg","Traveler Services","https://www.jfkairport.com/static/JFK/terminalImages/Terminal_1.png","Arrivals Level - East","Airport Information"
"https://www.jfkairport.com/static/img/srs/Shop.svg","TUMI","https://www.jfkairport.com/static/JFK/terminalImages/Terminal_1.png","Checkpoint to Gates 1-3","Fashion & Accessories"
"https://www.jfkairport.com/static/img/srs/Food-and-Beverage.svg","Tuscany Café (kiosk)","https://www.jfkairport.com/static/JFK/terminalImages/Terminal_1.png","Departures Level - S Concourse Gate 5","Grab & Go"
"https://www.jfkairport.com/static/img/srs/Food-and-Beverage.svg","Tuscany Café (Temporarily Closed)","https://www.jfkairport.com/static/JFK/terminalImages/Terminal_1.png","Behind Check-in Counters E/F","Grab & Go"
"https://www.jfkairport.com/static/img/srs/Food-and-Beverage.svg","Uptown Market","https://www.jfkairport.com/static/JFK/terminalImages/Terminal_1.png","Departues Level - Gate 8 - Gate 10","Grab & Go"
"https://www.jfkairport.com/static/img/srs/Food-and-Beverage.svg","Uptown Market","https://www.jfkairport.com/static/JFK/terminalImages/Terminal_1.png","Post Security","$2 Water"
"https://www.jfkairport.com/static/img/srs/Shop.svg","Victoria's Secret","https://www.jfkairport.com/static/JFK/terminalImages/Terminal_1.png","Checkpoint to Gates 1-3","Fashion & Accessories"
"https://www.jfkairport.com/static/img/srs/Services-and-Amenities.svg","Welcome Center","https://www.jfkairport.com/static/JFK/terminalImages/Terminal_1.png","Outside Arrivals Area","Airport Information"
"https://www.jfkairport.com/static/img/srs/Food-and-Beverage.svg","Wok & Roll","https://www.jfkairport.com/static/JFK/terminalImages/Terminal_1.png","Food Court","Grab & Go"
"https://www.jfkairport.com/static/img/srs/Food-and-Beverage.svg","Wok & Roll","https://www.jfkairport.com/static/JFK/terminalImages/Terminal_1.png","Pre-Security","$2 Water"
"https://www.jfkairport.com/static/img/srs/Beauty-and-Spa.svg","XpresSpa","https://www.jfkairport.com/static/JFK/terminalImages/Terminal_1.png","Gate 6","Nail Care, Massage"
"https://www.jfkairport.com/static/img/srs/Beauty-and-Spa.svg","XpresSpa (kiosk)","https://www.jfkairport.com/static/JFK/terminalImages/Terminal_1.png","Gate 3","Nail Care, Massage"
"https://www.jfkairport.com/static/img/srs/Shop.svg","Yes All","https://www.jfkairport.com/static/JFK/terminalImages/Terminal_1.png","Gate 3","Gifts & Souvenirs, Fashion & Accessories"
"https://www.jfkairport.com/static/img/srs/Shop.svg","YesTelo Rental Phone (kiosk)","https://www.jfkairport.com/static/JFK/terminalImages/Terminal_1.png","Checkpoint to Gates 1-3","Travel Essentials, Electronics"
"https://www.jfkairport.com/static/img/srs/Shop.svg","Best Buy Automated Vending","https://www.jfkairport.com/static/JFK/terminalImages/Terminal_2.png","Gate 61","Gifts & Souvenirs"
"https://www.jfkairport.com/static/img/srs/Food-and-Beverage.svg","BKLYN Beer Garden","https://www.jfkairport.com/static/JFK/terminalImages/Terminal_2.png","Opposite Gate 67","Restaurants, Bar"
"https://www.jfkairport.com/static/img/srs/Services-and-Amenities.svg","Charging Station","https://www.jfkairport.com/static/JFK/terminalImages/Terminal_2.png","Welcome Center outside Arrivals Area","Charging Station"
"https://www.jfkairport.com/static/img/srs/Food-and-Beverage.svg","Cibo Express Gourmet Market","https://www.jfkairport.com/static/JFK/terminalImages/Terminal_2.png","Gate 61","Grab & Go"
"https://www.jfkairport.com/static/img/srs/Food-and-Beverage.svg","Cibo Express Gourmet Market (Food Hall Gate 64)","https://www.jfkairport.com/static/JFK/terminalImages/Terminal_2.png","Post Security (Food Hall Gate 64)","$2 Water"
"https://www.jfkairport.com/static/img/srs/Food-and-Beverage.svg","Cibo Express Gourmet Market (Temporarily Closed)","https://www.jfkairport.com/static/JFK/terminalImages/Terminal_2.png","Arrivals Level","Grab & Go"
"https://www.jfkairport.com/static/img/srs/Food-and-Beverage.svg","Cibo Express Gourmet Market (Temporarily Closed)","https://www.jfkairport.com/static/JFK/terminalImages/Terminal_2.png","Bookstore","Grab & Go"
"https://www.jfkairport.com/static/img/srs/Food-and-Beverage.svg","Cibo Express Gourmet Market (Temporarily Closed)","https://www.jfkairport.com/static/JFK/terminalImages/Terminal_2.png","Food Hall - Gate 24","Grab & Go"
"https://www.jfkairport.com/static/img/srs/Food-and-Beverage.svg","Cibo Express Gourmet Market (Temporarily Closed)","https://www.jfkairport.com/static/JFK/terminalImages/Terminal_2.png","Gate 65","Grab & Go"
"https://www.jfkairport.com/static/img/srs/Food-and-Beverage.svg","Cibo Express Gourmet Market (Temporarily Closed)","https://www.jfkairport.com/static/JFK/terminalImages/Terminal_2.png","Gate 67","Grab & Go"
"https://www.jfkairport.com/static/img/srs/Food-and-Beverage.svg","Cibo Express Gourmet Market Baggage Claim","https://www.jfkairport.com/static/JFK/terminalImages/Terminal_2.png","Pre Security","$2 Water"
"https://www.jfkairport.com/static/img/srs/Food-and-Beverage.svg","Cibo Express Gourmet Market Gate 61","https://www.jfkairport.com/static/JFK/terminalImages/Terminal_2.png","Post Security (Gate 61)","$2 Water"
"https://www.jfkairport.com/static/img/srs/Food-and-Beverage.svg","Cibo Express Gourmet Market Gate 69","https://www.jfkairport.com/static/JFK/terminalImages/Terminal_2.png","Post Security (Gate 69)","$2 Water"
"https://www.jfkairport.com/static/img/srs/Food-and-Beverage.svg","Croque Madame","https://www.jfkairport.com/static/JFK/terminalImages/Terminal_2.png","Gates 62-63","Restaurants, Bar"
"https://www.jfkairport.com/static/img/srs/Food-and-Beverage.svg","Croque Madame","https://www.jfkairport.com/static/JFK/terminalImages/Terminal_2.png","Post Security (Gate 63)","$2 Water"
"https://www.jfkairport.com/static/img/srs/Shop.svg","CTY","https://www.jfkairport.com/static/JFK/terminalImages/Terminal_2.png","Opposite Gate 62","Gifts & Souvenirs"
"https://www.jfkairport.com/static/img/srs/Services-and-Amenities.svg","Delta Sky Club","https://www.jfkairport.com/static/JFK/terminalImages/Terminal_2.png","South Mezzanine","Lounges"
"https://www.jfkairport.com/static/img/srs/Food-and-Beverage.svg","Due Amici","https://www.jfkairport.com/static/JFK/terminalImages/Terminal_2.png","Opposite Gate 62","Restaurants, Bar"
"https://www.jfkairport.com/static/img/srs/Services-and-Amenities.svg","Nursing Stations","https://www.jfkairport.com/static/JFK/terminalImages/Terminal_2.png","Gate C70","Nursing Suites"
"https://www.jfkairport.com/static/img/srs/Shop.svg","Read","https://www.jfkairport.com/static/JFK/terminalImages/Terminal_2.png","Gate 68","Books & Magazines"
"https://www.jfkairport.com/static/img/srs/Services-and-Amenities.svg","Restrooms","https://www.jfkairport.com/static/JFK/terminalImages/Terminal_2.png","Arrivals, Level 1 (near Baggage claim EF)","Restrooms"
"https://www.jfkairport.com/static/img/srs/Services-and-Amenities.svg","Restrooms","https://www.jfkairport.com/static/JFK/terminalImages/Terminal_2.png","Departures, Level 3 (near Gate 63)","Restrooms"
"https://www.jfkairport.com/static/img/srs/Services-and-Amenities.svg","Restrooms","https://www.jfkairport.com/static/JFK/terminalImages/Terminal_2.png","Departures, Level 3 (near Gate 67)","Restrooms"
"https://www.jfkairport.com/static/img/srs/Services-and-Amenities.svg","Service Animal/Pet Relief Area","https://www.jfkairport.com/static/JFK/terminalImages/Terminal_2.png","Near Gate C60","Service Animal & Pet Relief"
"https://www.jfkairport.com/static/img/srs/Services-and-Amenities.svg","Service Animal/Pet Relief Area","https://www.jfkairport.com/static/JFK/terminalImages/Terminal_2.png","Outside, Arrivals Area, West End","Service Animal & Pet Relief"
"https://www.jfkairport.com/static/img/srs/Food-and-Beverage.svg","Shiso","https://www.jfkairport.com/static/JFK/terminalImages/Terminal_2.png","Opposite Gate 64","Restaurants, Bar"
"https://www.jfkairport.com/static/img/srs/Food-and-Beverage.svg","Tagliare","https://www.jfkairport.com/static/JFK/terminalImages/Terminal_2.png","Gate 68","Restaurants, Bar"
"https://www.jfkairport.com/static/img/srs/Food-and-Beverage.svg","Tagliare","https://www.jfkairport.com/static/JFK/terminalImages/Terminal_2.png","Post Security (Gate 66)","$2 Water"
"https://www.jfkairport.com/static/img/srs/Shop.svg","Tech","https://www.jfkairport.com/static/JFK/terminalImages/Terminal_2.png","Near Gate 62","Electronics"
"https://www.jfkairport.com/static/img/srs/Services-and-Amenities.svg","Welcome Center","https://www.jfkairport.com/static/JFK/terminalImages/Terminal_2.png","Outside Arrivals Area","Airport Information"
"https://www.jfkairport.com/static/img/srs/Food-and-Beverage.svg","Wendy's","https://www.jfkairport.com/static/JFK/terminalImages/Terminal_2.png","Near Gate 62","Grab & Go"
"https://www.jfkairport.com/static/img/srs/Food-and-Beverage.svg","World Bean","https://www.jfkairport.com/static/JFK/terminalImages/Terminal_2.png","Arrivals Level","Coffee & Tea"
"https://www.jfkairport.com/static/img/srs/Food-and-Beverage.svg","World Bean","https://www.jfkairport.com/static/JFK/terminalImages/Terminal_2.png","Opposite Gate 66","Coffee & Tea"
"https://www.jfkairport.com/static/img/srs/Food-and-Beverage.svg","World Bean Baggage Claim","https://www.jfkairport.com/static/JFK/terminalImages/Terminal_2.png","Pre Security","$2 Water"
"https://www.jfkairport.com/static/img/srs/Food-and-Beverage.svg","World Bean Gate 65 (Main)","https://www.jfkairport.com/static/JFK/terminalImages/Terminal_2.png","Post Security (Gate 65)","$2 Water"
"https://www.jfkairport.com/static/img/srs/Shop.svg","5th & Sunset","https://www.jfkairport.com/static/JFK/terminalImages/Terminal_4.png","Gate 27","Fashion & Accessories"
"https://www.jfkairport.com/static/img/srs/Services-and-Amenities.svg","Air India Lounge","https://www.jfkairport.com/static/JFK/terminalImages/Terminal_4.png","Gate A5","Lounges"
"https://www.jfkairport.com/static/img/srs/Services-and-Amenities.svg","Bag storage by SmartCarte","https://www.jfkairport.com/static/JFK/terminalImages/Terminal_4.png","718-916-8963","Baggage Storage"
"https://www.jfkairport.com/static/img/srs/Services-and-Amenities.svg","Baggage Storage","https://www.jfkairport.com/static/JFK/terminalImages/Terminal_4.png","Arrivals Hall -  Accommodations Plus International - (718) 751-4020","Baggage Storage"
"https://www.jfkairport.com/static/img/srs/Food-and-Beverage.svg","Bento Sushi","https://www.jfkairport.com/static/JFK/terminalImages/Terminal_4.png","Gate B26","Restaurants, Bar"
"https://www.jfkairport.com/static/img/srs/Shop.svg","Bijoux Terner","https://www.jfkairport.com/static/JFK/terminalImages/Terminal_4.png","Retail Hall - East","Fashion & Accessories"
"https://www.jfkairport.com/static/img/srs/Food-and-Beverage.svg","Blue Point Brewery","https://www.jfkairport.com/static/JFK/terminalImages/Terminal_4.png","Near Gate 33","Restaurants, Bar"
"https://www.jfkairport.com/static/img/srs/Food-and-Beverage.svg","Blue Smoke on the Road (Temporarily Closed)","https://www.jfkairport.com/static/JFK/terminalImages/Terminal_4.png","Gate B37","Restaurants, Bar"
"https://www.jfkairport.com/static/img/srs/Shop.svg","Bluwire (Temporarily Closed)","https://www.jfkairport.com/static/JFK/terminalImages/Terminal_4.png","Gate A2","Electronics"
"https://www.jfkairport.com/static/img/srs/Shop.svg","Bluwire (Temporarily Closed)","https://www.jfkairport.com/static/JFK/terminalImages/Terminal_4.png","Gate B24","Electronics"
"https://www.jfkairport.com/static/img/srs/Shop.svg","Brooks Brothers","https://www.jfkairport.com/static/JFK/terminalImages/Terminal_4.png","Retail Hall - West","Fashion & Accessories"
"https://www.jfkairport.com/static/img/srs/Food-and-Beverage.svg","Buffalo Wild Wings","https://www.jfkairport.com/static/JFK/terminalImages/Terminal_4.png","Gate B26","Restaurants, Bar"
"https://www.jfkairport.com/static/img/srs/Food-and-Beverage.svg","Camden Food Co.","https://www.jfkairport.com/static/JFK/terminalImages/Terminal_4.png","3 - Departures","$2 Water"
"https://www.jfkairport.com/static/img/srs/Food-and-Beverage.svg","Camden Foods","https://www.jfkairport.com/static/JFK/terminalImages/Terminal_4.png","Retail Hall - West","Grab & Go, Coffee & Tea"
"https://www.jfkairport.com/static/img/srs/Food-and-Beverage.svg","Camden Foods Express","https://www.jfkairport.com/static/JFK/terminalImages/Terminal_4.png","Gate B41","Grab & Go, Coffee & Tea"
"https://www.jfkairport.com/static/img/srs/Food-and-Beverage.svg","Canal St. Noodle House (Temporarily Closed)","https://www.jfkairport.com/static/JFK/terminalImages/Terminal_4.png","Gate A3","Restaurants, Grab & Go, Bar"
"https://www.jfkairport.com/static/img/srs/Food-and-Beverage.svg","Caviar House & Prunier Seafood Bar (Temporarily Closed)","https://www.jfkairport.com/static/JFK/terminalImages/Terminal_4.png","Retail Hall - East","Restaurants, Bar"
"https://www.jfkairport.com/static/img/srs/Shop.svg","Cell Phone Purchase (AT&T) (Temporarily Closed)","https://www.jfkairport.com/static/JFK/terminalImages/Terminal_4.png","Arrivals Hall","Electronics"
"https://www.jfkairport.com/static/img/srs/Food-and-Beverage.svg","Central Diner (Temporarily Closed)","https://www.jfkairport.com/static/JFK/terminalImages/Terminal_4.png","Arrivals Hall - West","Restaurants, Grab & Go, Coffee & Tea, Bar"
"https://www.jfkairport.com/static/img/srs/Services-and-Amenities.svg","Charging Station","https://www.jfkairport.com/static/JFK/terminalImages/Terminal_4.png","All Gates","Charging Station"
"https://www.jfkairport.com/static/img/srs/Food-and-Beverage.svg","Chocolates & More","https://www.jfkairport.com/static/JFK/terminalImages/Terminal_4.png","Retail Hall - West","Grab & Go, Children’s Menu"
"","Clear","https://www.jfkairport.com/static/JFK/terminalImages/Terminal_4.png","4th floor- Row 1",""
"","Clear","https://www.jfkairport.com/static/JFK/terminalImages/Terminal_4.png","4th Floor Row 9",""
"https://www.jfkairport.com/static/img/srs/Shop.svg","Coach","https://www.jfkairport.com/static/JFK/terminalImages/Terminal_4.png","Retail Hall - East","Fashion & Accessories"
"https://www.jfkairport.com/static/img/srs/Shop.svg","Corsa Collections","https://www.jfkairport.com/static/JFK/terminalImages/Terminal_4.png","Retail Hall - West","Fashion & Accessories"
"https://www.jfkairport.com/static/img/srs/Services-and-Amenities.svg","CXI - Currency Exchange International","https://www.jfkairport.com/static/JFK/terminalImages/Terminal_4.png","Arrivals","Currency Exchange"
"https://www.jfkairport.com/static/img/srs/Services-and-Amenities.svg","CXI - Currency Exchange International","https://www.jfkairport.com/static/JFK/terminalImages/Terminal_4.png","Departures - Concourse B","Currency Exchange"
"https://www.jfkairport.com/static/img/srs/Services-and-Amenities.svg","CXI - Currency Exchange International","https://www.jfkairport.com/static/JFK/terminalImages/Terminal_4.png","Departures - Retail Hall East","Currency Exchange"
"https://www.jfkairport.com/static/img/srs/Services-and-Amenities.svg","CXI - Currency Exchange International","https://www.jfkairport.com/static/JFK/terminalImages/Terminal_4.png","Departures - Retail Hall West","Currency Exchange"
"https://www.jfkairport.com/static/img/srs/Services-and-Amenities.svg","CXI - Currency Exchange International (temporarily closed)","https://www.jfkairport.com/static/JFK/terminalImages/Terminal_4.png","Departures - Concourse B Gate 25","Currency Exchange"
"https://www.jfkairport.com/static/img/srs/Food-and-Beverage.svg","Delite Chocolates and More","https://www.jfkairport.com/static/JFK/terminalImages/Terminal_4.png","Retail Hall - West","Grab & Go, Children’s Menu"
"https://www.jfkairport.com/static/img/srs/Services-and-Amenities.svg","Delta Sky Club Lounge","https://www.jfkairport.com/static/JFK/terminalImages/Terminal_4.png","Gate B32","Lounges"
"https://www.jfkairport.com/static/img/srs/Shop.svg","DFS Duty Free","https://www.jfkairport.com/static/JFK/terminalImages/Terminal_4.png","Gate A4","Fashion & Accessories"
"https://www.jfkairport.com/static/img/srs/Shop.svg","DFS Duty Free","https://www.jfkairport.com/static/JFK/terminalImages/Terminal_4.png","Gate B32","Fashion & Accessories"
"https://www.jfkairport.com/static/img/srs/Shop.svg","DFS Duty Free - Beauty","https://www.jfkairport.com/static/JFK/terminalImages/Terminal_4.png","Retail Hall - Main Store","Duty Free"
"https://www.jfkairport.com/static/img/srs/Shop.svg","DFS Duty Free - Spirits","https://www.jfkairport.com/static/JFK/terminalImages/Terminal_4.png","Gate B23","Spirits & Wine"
"https://www.jfkairport.com/static/img/srs/Shop.svg","DFS Duty Free - Spirits (Temporarily Closed)","https://www.jfkairport.com/static/JFK/terminalImages/Terminal_4.png","Near Main Store","Spirits & Wine"
"https://www.jfkairport.com/static/img/srs/Shop.svg","DFS Duty Free - Watches and Accessories (Temporarily Closed)","https://www.jfkairport.com/static/JFK/terminalImages/Terminal_4.png","Near Main Store","Duty Free"
"https://www.jfkairport.com/static/img/srs/Food-and-Beverage.svg","Dunkin Donuts","https://www.jfkairport.com/static/JFK/terminalImages/Terminal_4.png","3 - Departures - Gate B32","$2 Water"
"https://www.jfkairport.com/static/img/srs/Food-and-Beverage.svg","Dunkin Donuts","https://www.jfkairport.com/static/JFK/terminalImages/Terminal_4.png","Gate B33","Grab & Go, Coffee & Tea"
"https://www.jfkairport.com/static/img/srs/Food-and-Beverage.svg","Dunkin Donuts / JetBox","https://www.jfkairport.com/static/JFK/terminalImages/Terminal_4.png","3 - Departures - Gate B20","$2 Water"
"https://www.jfkairport.com/static/img/srs/Food-and-Beverage.svg","Dunkin Donuts Express/Jet Box","https://www.jfkairport.com/static/JFK/terminalImages/Terminal_4.png","Gate B18","Grab & Go, Coffee & Tea, Children’s Menu"
"https://www.jfkairport.com/static/img/srs/Food-and-Beverage.svg","Dunkin' Donuts","https://www.jfkairport.com/static/JFK/terminalImages/Terminal_4.png","Arrivals Hall - East","Grab & Go, Coffee & Tea, Children’s Menu"
"https://www.jfkairport.com/static/img/srs/Food-and-Beverage.svg","Dunkin' Donuts Express/Jet Box","https://www.jfkairport.com/static/JFK/terminalImages/Terminal_4.png","Retail Hall - East","Grab & Go, Coffee & Tea, Children’s Menu"
"","Dylans Candy Bar (Temporarily Closed)","https://www.jfkairport.com/static/JFK/terminalImages/Terminal_4.png","Gate B25-Gate B27",""
"https://www.jfkairport.com/static/img/srs/Services-and-Amenities.svg","El Al King David Lounge","https://www.jfkairport.com/static/JFK/terminalImages/Terminal_4.png","4th Floor","Lounges"
"https://www.jfkairport.com/static/img/srs/Services-and-Amenities.svg","Emirates Lounge","https://www.jfkairport.com/static/JFK/terminalImages/Terminal_4.png","Gate A5","Lounges"
"https://www.jfkairport.com/static/img/srs/Services-and-Amenities.svg","Etihad Lounge","https://www.jfkairport.com/static/JFK/terminalImages/Terminal_4.png","4th Floor","Lounges"
"https://www.jfkairport.com/static/img/srs/Services-and-Amenities.svg","Family Restroom","https://www.jfkairport.com/static/JFK/terminalImages/Terminal_4.png","Arrivals, Level 1 (near Gate B18)","Restrooms"
"https://www.jfkairport.com/static/img/srs/Services-and-Amenities.svg","Family Restrooms","https://www.jfkairport.com/static/JFK/terminalImages/Terminal_4.png","Arrivals East Side 
 Arrivals West Side 
 Departures, near Checkpoint","Restrooms"
"https://www.jfkairport.com/static/img/srs/Services-and-Amenities.svg","Family Restrooms","https://www.jfkairport.com/static/JFK/terminalImages/Terminal_4.png","Gate A6
 Gate A7 
 Gates Level, near McDonalds 
 Gates Level, across Swarovski 
 Gate B18 
 Gate B25 
 Gate B30 
 Gate B39 
 Gate 47","Restrooms"
"https://www.jfkairport.com/static/img/srs/Food-and-Beverage.svg","Five Borough Food Hall (Temporarily Closed)","https://www.jfkairport.com/static/JFK/terminalImages/Terminal_4.png","Retail Hall - West","Restaurants, Bar"
"https://www.jfkairport.com/static/img/srs/Food-and-Beverage.svg","Flatiron Coffee Roasters (Temporarily Closed)","https://www.jfkairport.com/static/JFK/terminalImages/Terminal_4.png","Retail Hall-East","Grab & Go, Coffee & Tea"
"https://www.jfkairport.com/static/img/srs/Shop.svg","Forty Seven Brand Hats (Temporarily Closed)","https://www.jfkairport.com/static/JFK/terminalImages/Terminal_4.png","Gate B25-Gate B27","Fashion & Accessories"
"https://www.jfkairport.com/static/img/srs/Shop.svg","Guess (Temporarily Closed)","https://www.jfkairport.com/static/JFK/terminalImages/Terminal_4.png","Retail Hall - East","Fashion & Accessories"
"https://www.jfkairport.com/static/img/srs/Shop.svg","Hotel Reservations/Baggage Storage/Lost & Found","https://www.jfkairport.com/static/JFK/terminalImages/Terminal_4.png","Arrivals Hall","Travel Essentials"
"https://www.jfkairport.com/static/img/srs/Shop.svg","Hudson","https://www.jfkairport.com/static/JFK/terminalImages/Terminal_4.png","Arrivals Hall - East",""
"https://www.jfkairport.com/static/img/srs/Shop.svg","Hudson","https://www.jfkairport.com/static/JFK/terminalImages/Terminal_4.png","Gate A2","Books & Magazines"
"https://www.jfkairport.com/static/img/srs/Shop.svg","Hudson","https://www.jfkairport.com/static/JFK/terminalImages/Terminal_4.png","Gate B23","Books & Magazines"
"https://www.jfkairport.com/static/img/srs/Shop.svg","Hudson","https://www.jfkairport.com/static/JFK/terminalImages/Terminal_4.png","Gate B25","Books & Magazines"
"https://www.jfkairport.com/static/img/srs/Shop.svg","Hudson","https://www.jfkairport.com/static/JFK/terminalImages/Terminal_4.png","Gate B33","Books & Magazines"
"https://www.jfkairport.com/static/img/srs/Shop.svg","Hudson","https://www.jfkairport.com/static/JFK/terminalImages/Terminal_4.png","Gate B39","Books & Magazines"
"https://www.jfkairport.com/static/img/srs/Shop.svg","Hudson","https://www.jfkairport.com/static/JFK/terminalImages/Terminal_4.png","Gate B49","Books & Magazines"
"https://www.jfkairport.com/static/img/srs/Shop.svg","Hudson","https://www.jfkairport.com/static/JFK/terminalImages/Terminal_4.png","Retail Hall - East","Books & Magazines"
"https://www.jfkairport.com/static/img/srs/Shop.svg","Hugo Boss","https://www.jfkairport.com/static/JFK/terminalImages/Terminal_4.png","Retail Hall - West","Fashion & Accessories"
"https://www.jfkairport.com/static/img/srs/Services-and-Amenities.svg","Information Counter","https://www.jfkairport.com/static/JFK/terminalImages/Terminal_4.png","Arrivals Hall","Airport Information"
"https://www.jfkairport.com/static/img/srs/Services-and-Amenities.svg","Interfaith Chapel","https://www.jfkairport.com/static/JFK/terminalImages/Terminal_4.png","Departure Level","Worship Spaces"
"https://www.jfkairport.com/static/img/srs/Food-and-Beverage.svg","Jamba Juice (Temporarily Closed)","https://www.jfkairport.com/static/JFK/terminalImages/Terminal_4.png","Gate B27","Grab & Go, Children’s Menu"
"https://www.jfkairport.com/static/img/srs/Shop.svg","Juicy Couture","https://www.jfkairport.com/static/JFK/terminalImages/Terminal_4.png","Retail Hall - West","Fashion & Accessories"
"https://www.jfkairport.com/static/img/srs/Shop.svg","Kate Spade","https://www.jfkairport.com/static/JFK/terminalImages/Terminal_4.png","Retail Hall - East","Fashion & Accessories"
"https://www.jfkairport.com/static/img/srs/Beauty-and-Spa.svg","Kiehl's (Temporarily Closed)","https://www.jfkairport.com/static/JFK/terminalImages/Terminal_4.png","Retail Hall - West","Cosmetics & Skin Care"
"https://www.jfkairport.com/static/img/srs/Food-and-Beverage.svg","La Brea Bakery","https://www.jfkairport.com/static/JFK/terminalImages/Terminal_4.png","3 - Departures","$2 Water"
"https://www.jfkairport.com/static/img/srs/Food-and-Beverage.svg","La Brea Bakery","https://www.jfkairport.com/static/JFK/terminalImages/Terminal_4.png","Gate B34","Grab & Go, Coffee & Tea"
"https://www.jfkairport.com/static/img/srs/Food-and-Beverage.svg","Le Grand Comptoir","https://www.jfkairport.com/static/JFK/terminalImages/Terminal_4.png","Retail Hall - West","Restaurants, Bar"
"https://www.jfkairport.com/static/img/srs/Shop.svg","Longchamp (Temporarily Closed)","https://www.jfkairport.com/static/JFK/terminalImages/Terminal_4.png","Retail Hall - West","Fashion & Accessories"
"https://www.jfkairport.com/static/img/srs/Beauty-and-Spa.svg","MAC (Temporarily Closed)","https://www.jfkairport.com/static/JFK/terminalImages/Terminal_4.png","Gate B23","Cosmetics & Skin Care"
"https://www.jfkairport.com/static/img/srs/Food-and-Beverage.svg","McDonald's","https://www.jfkairport.com/static/JFK/terminalImages/Terminal_4.png","Retail Hall - East","Grab & Go, Children’s Menu"
"https://www.jfkairport.com/static/img/srs/Services-and-Amenities.svg","Men Restroom","https://www.jfkairport.com/static/JFK/terminalImages/Terminal_4.png","Departures, Level 2 (near Gate 47)","Restrooms"
"https://www.jfkairport.com/static/img/srs/Food-and-Beverage.svg","Mi Casa Cantina and Restaurant","https://www.jfkairport.com/static/JFK/terminalImages/Terminal_4.png","Gate B23","Restaurants, Grab & Go, Bar"
"https://www.jfkairport.com/static/img/srs/Shop.svg","Michael Kors","https://www.jfkairport.com/static/JFK/terminalImages/Terminal_4.png","Retail Hall - West","Fashion & Accessories"
"https://www.jfkairport.com/static/img/srs/Services-and-Amenities.svg","Nursing Stations","https://www.jfkairport.com/static/JFK/terminalImages/Terminal_4.png","Gate A3","Nursing Suites"
"https://www.jfkairport.com/static/img/srs/Services-and-Amenities.svg","Nursing Stations","https://www.jfkairport.com/static/JFK/terminalImages/Terminal_4.png","Gate B31","Nursing Suites"
"https://www.jfkairport.com/static/img/srs/Services-and-Amenities.svg","Nursing Stations","https://www.jfkairport.com/static/JFK/terminalImages/Terminal_4.png","West Retail Hall","Nursing Suites"
"https://www.jfkairport.com/static/img/srs/Shop.svg","Pandora","https://www.jfkairport.com/static/JFK/terminalImages/Terminal_4.png","Retail Hall - West","Fashion & Accessories"
"https://www.jfkairport.com/static/img/srs/Food-and-Beverage.svg","Peets Coffee & Tea","https://www.jfkairport.com/static/JFK/terminalImages/Terminal_4.png","3 - Departures - Gate B27","$2 Water"
"https://www.jfkairport.com/static/img/srs/Food-and-Beverage.svg","Peets Coffee & Tea (Temporarily Closed)","https://www.jfkairport.com/static/JFK/terminalImages/Terminal_4.png","Gate A3","Grab & Go, Coffee & Tea"
"https://www.jfkairport.com/static/img/srs/Food-and-Beverage.svg","Peets Coffee & Tea (Temporarily Closed)","https://www.jfkairport.com/static/JFK/terminalImages/Terminal_4.png","Gate B26","Grab & Go, Coffee & Tea"
"https://www.jfkairport.com/static/img/srs/Food-and-Beverage.svg","Pizza Vino (Temporarily Closed)","https://www.jfkairport.com/static/JFK/terminalImages/Terminal_4.png","Gate B28","Restaurants, Grab & Go, Children’s Menu, Bar"
"https://www.jfkairport.com/static/img/srs/Services-and-Amenities.svg","Restrooms","https://www.jfkairport.com/static/JFK/terminalImages/Terminal_4.png","Arrivals, Level 1 (near Arrival lounge)","Restrooms"
"https://www.jfkairport.com/static/img/srs/Services-and-Amenities.svg","Restrooms","https://www.jfkairport.com/static/JFK/terminalImages/Terminal_4.png","Arrivals, Level 1 (near Baggage claim)","Restrooms"
"https://www.jfkairport.com/static/img/srs/Services-and-Amenities.svg","Restrooms","https://www.jfkairport.com/static/JFK/terminalImages/Terminal_4.png","Arrivals, Level 1 (near Immigration)","Restrooms"
"https://www.jfkairport.com/static/img/srs/Services-and-Amenities.svg","Restrooms","https://www.jfkairport.com/static/JFK/terminalImages/Terminal_4.png","Arrivals, Level 1 (near International Baggage claim)","Restrooms"
"https://www.jfkairport.com/static/img/srs/Services-and-Amenities.svg","Restrooms","https://www.jfkairport.com/static/JFK/terminalImages/Terminal_4.png","Departures, Level 3 (near Gate A5)","Restrooms"
"https://www.jfkairport.com/static/img/srs/Services-and-Amenities.svg","Restrooms","https://www.jfkairport.com/static/JFK/terminalImages/Terminal_4.png","Departures, Level 3 (near Gate B25)","Restrooms"
"https://www.jfkairport.com/static/img/srs/Services-and-Amenities.svg","Restrooms","https://www.jfkairport.com/static/JFK/terminalImages/Terminal_4.png","Departures, Level 3 (near Gates B29-B31)","Restrooms"
"https://www.jfkairport.com/static/img/srs/Services-and-Amenities.svg","Restrooms","https://www.jfkairport.com/static/JFK/terminalImages/Terminal_4.png","Departures, Level 3 (near Gates B38-B41)","Restrooms"
"https://www.jfkairport.com/static/img/srs/Services-and-Amenities.svg","Restrooms","https://www.jfkairport.com/static/JFK/terminalImages/Terminal_4.png","Departures, Level 3 (near Retail Hall)","Restrooms"
"","Scoreboard (Temporarily Closed)","https://www.jfkairport.com/static/JFK/terminalImages/Terminal_4.png","Retail Hall - East",""
"","Secure Wraps (Temporarily Closed)","https://www.jfkairport.com/static/JFK/terminalImages/Terminal_4.png","Check-in Level 4 Row 3",""
"","Secure Wraps (Temporarily Closed)","https://www.jfkairport.com/static/JFK/terminalImages/Terminal_4.png","Check-in Level 4 Row 5",""
"","Secure Wraps (Temporarily Closed)","https://www.jfkairport.com/static/JFK/terminalImages/Terminal_4.png","Check-in Level 4 Row 7",""
"https://www.jfkairport.com/static/img/srs/Services-and-Amenities.svg","Service Animal/Pet Relief Area","https://www.jfkairport.com/static/JFK/terminalImages/Terminal_4.png","Near Gate 31","Service Animal & Pet Relief"
"https://www.jfkairport.com/static/img/srs/Services-and-Amenities.svg","Service Animal/Pet Relief Area","https://www.jfkairport.com/static/JFK/terminalImages/Terminal_4.png","Outside, Arrivals Area, East End","Service Animal & Pet Relief"
"https://www.jfkairport.com/static/img/srs/Food-and-Beverage.svg","Shake Shack","https://www.jfkairport.com/static/JFK/terminalImages/Terminal_4.png","3 - Departures - Gate 23","$2 Water"
"https://www.jfkairport.com/static/img/srs/Food-and-Beverage.svg","Shake Shack","https://www.jfkairport.com/static/JFK/terminalImages/Terminal_4.png","Gate B23","Grab & Go, Children’s Menu"
"https://www.jfkairport.com/static/img/srs/Food-and-Beverage.svg","Shake Shack","https://www.jfkairport.com/static/JFK/terminalImages/Terminal_4.png","Gate B37","Grab & Go, Children’s Menu"
"https://www.jfkairport.com/static/img/srs/Food-and-Beverage.svg","So Chocolate","https://www.jfkairport.com/static/JFK/terminalImages/Terminal_4.png","Retail Hall - East","Grab & Go"
"https://www.jfkairport.com/static/img/srs/Shop.svg","Swarowski","https://www.jfkairport.com/static/JFK/terminalImages/Terminal_4.png","Retail Hall - West","Gifts & Souvenirs, Fashion & Accessories"
"https://www.jfkairport.com/static/img/srs/Shop.svg","Swarowski (Temporarily Closed)","https://www.jfkairport.com/static/JFK/terminalImages/Terminal_4.png","Gate A 2","Gifts & Souvenirs, Fashion & Accessories"
"https://www.jfkairport.com/static/img/srs/Services-and-Amenities.svg","Swiss Lounge","https://www.jfkairport.com/static/JFK/terminalImages/Terminal_4.png","4th Floor","Lounges"
"https://www.jfkairport.com/static/img/srs/Shop.svg","The Metropolitan Museum of Art Store (Temporarily Closed)","https://www.jfkairport.com/static/JFK/terminalImages/Terminal_4.png","Retail Hall - East","Gifts & Souvenirs"
"https://www.jfkairport.com/static/img/srs/Food-and-Beverage.svg","The Palm Bar & Grille","https://www.jfkairport.com/static/JFK/terminalImages/Terminal_4.png","Retail Hall - West","Restaurants, Bar"
"https://www.jfkairport.com/static/img/srs/Food-and-Beverage.svg","Tigin's Irish Pub & Restaurant","https://www.jfkairport.com/static/JFK/terminalImages/Terminal_4.png","Gate A7","Restaurants, Bar"
"","Time to Fly","https://www.jfkairport.com/static/JFK/terminalImages/Terminal_4.png","Retail Hall - West",""
"https://www.jfkairport.com/static/img/srs/Services-and-Amenities.svg","Travelers Aid","https://www.jfkairport.com/static/JFK/terminalImages/Terminal_4.png","East Arrivals Hall
 (718) 656-4870","Airport Information"
"https://www.jfkairport.com/static/img/srs/Services-and-Amenities.svg","Travelex US Dollar ATM","https://www.jfkairport.com/static/JFK/terminalImages/Terminal_4.png","Arrivals - Domestic Baggage Claim","ATM"
"https://www.jfkairport.com/static/img/srs/Services-and-Amenities.svg","Travelex US Dollar ATM","https://www.jfkairport.com/static/JFK/terminalImages/Terminal_4.png","Arrivals - Near Baggage Claim 2","ATM"
"https://www.jfkairport.com/static/img/srs/Services-and-Amenities.svg","Travelex US Dollar ATM","https://www.jfkairport.com/static/JFK/terminalImages/Terminal_4.png","Arrivals - Near Restrooms East End","ATM"
"https://www.jfkairport.com/static/img/srs/Services-and-Amenities.svg","Travelex US Dollar ATM","https://www.jfkairport.com/static/JFK/terminalImages/Terminal_4.png","Departures - Near Gate A3","ATM"
"https://www.jfkairport.com/static/img/srs/Services-and-Amenities.svg","Travelex US Dollar ATM","https://www.jfkairport.com/static/JFK/terminalImages/Terminal_4.png","Departures - Near Gate B24","ATM"
"https://www.jfkairport.com/static/img/srs/Services-and-Amenities.svg","Travelex US Dollar ATM","https://www.jfkairport.com/static/JFK/terminalImages/Terminal_4.png","Departures - Near Gate B30","ATM"
"https://www.jfkairport.com/static/img/srs/Services-and-Amenities.svg","Travelex US Dollar ATM","https://www.jfkairport.com/static/JFK/terminalImages/Terminal_4.png","Departures - Retail Hall East","ATM"
"https://www.jfkairport.com/static/img/srs/Services-and-Amenities.svg","Travelex US Dollar ATM","https://www.jfkairport.com/static/JFK/terminalImages/Terminal_4.png","Departures - Retail Hall West","ATM"
"https://www.jfkairport.com/static/img/srs/Services-and-Amenities.svg","Travelex US Dollar ATM","https://www.jfkairport.com/static/JFK/terminalImages/Terminal_4.png","Departures - West End","ATM"
"https://www.jfkairport.com/static/img/srs/Shop.svg","TUMI","https://www.jfkairport.com/static/JFK/terminalImages/Terminal_4.png","Retail Hall - West","Fashion & Accessories"
"https://www.jfkairport.com/static/img/srs/Food-and-Beverage.svg","Uptown Brasserie","https://www.jfkairport.com/static/JFK/terminalImages/Terminal_4.png","Gate B32","Restaurants, Bar"
"https://www.jfkairport.com/static/img/srs/Food-and-Beverage.svg","Urban Crave","https://www.jfkairport.com/static/JFK/terminalImages/Terminal_4.png","2 - B42 - B51","$2 Water"
"https://www.jfkairport.com/static/img/srs/Food-and-Beverage.svg","Urban Crave","https://www.jfkairport.com/static/JFK/terminalImages/Terminal_4.png","Gate B46","Restaurants, Bar"
"https://www.jfkairport.com/static/img/srs/Shop.svg","Victoria's Secret","https://www.jfkairport.com/static/JFK/terminalImages/Terminal_4.png","Retail Hall - West","Fashion & Accessories"
"https://www.jfkairport.com/static/img/srs/Services-and-Amenities.svg","Virgin Clubhouse","https://www.jfkairport.com/static/JFK/terminalImages/Terminal_4.png","Gate A5","Lounges"
"https://www.jfkairport.com/static/img/srs/Services-and-Amenities.svg","Welcome Center","https://www.jfkairport.com/static/JFK/terminalImages/Terminal_4.png","Outside Arrivals Area","Ground Transportation"
"https://www.jfkairport.com/static/img/srs/Services-and-Amenities.svg","Wing Tips Lounge","https://www.jfkairport.com/static/JFK/terminalImages/Terminal_4.png","4th Floor","Lounges"
"https://www.jfkairport.com/static/img/srs/Services-and-Amenities.svg","Women Restroom","https://www.jfkairport.com/static/JFK/terminalImages/Terminal_4.png","Departures, Level 2 (near Gate B46)","Restrooms"
"https://www.jfkairport.com/static/img/srs/Services-and-Amenities.svg","XpresCheck COVID Testing Facility","https://www.jfkairport.com/static/JFK/terminalImages/Terminal_4.png","Arrivals Hall","Medical Office"
"https://www.jfkairport.com/static/img/srs/Beauty-and-Spa.svg","XpresSpa (Temporarily Closed)","https://www.jfkairport.com/static/JFK/terminalImages/Terminal_4.png","Gate A2","Massage"
"https://www.jfkairport.com/static/img/srs/Beauty-and-Spa.svg","XpresSpa (Temporarily Closed)","https://www.jfkairport.com/static/JFK/terminalImages/Terminal_4.png","Gate B24","Massage"
"https://www.jfkairport.com/static/img/srs/Beauty-and-Spa.svg","XpresSpa (Temporarily Closed)","https://www.jfkairport.com/static/JFK/terminalImages/Terminal_4.png","Gate B41","Massage"
"https://www.jfkairport.com/static/img/srs/Beauty-and-Spa.svg","XpresSpa (Temporarily Closed)","https://www.jfkairport.com/static/JFK/terminalImages/Terminal_4.png","Retail Hall - West","Massage"
"https://www.jfkairport.com/static/img/srs/Food-and-Beverage.svg","5ive Steak","https://www.jfkairport.com/static/JFK/terminalImages/Terminal_5.png","Marketplace","Restaurants"
"https://www.jfkairport.com/static/img/srs/Food-and-Beverage.svg","AeroNuova","https://www.jfkairport.com/static/JFK/terminalImages/Terminal_5.png","Marketplace","Restaurants"
"https://www.jfkairport.com/static/img/srs/Food-and-Beverage.svg","Artichoke Pizza","https://www.jfkairport.com/static/JFK/terminalImages/Terminal_5.png","Food Hall","Restaurants, Children’s Menu"
"https://www.jfkairport.com/static/img/srs/Food-and-Beverage.svg","Aunt Butchie's Bakery Café","https://www.jfkairport.com/static/JFK/terminalImages/Terminal_5.png","Gates 14-15","Grab & Go"
"https://www.jfkairport.com/static/img/srs/Food-and-Beverage.svg","Baked by Melissa","https://www.jfkairport.com/static/JFK/terminalImages/Terminal_5.png","Marketplace","Coffee & Tea, Children’s Menu"
"https://www.jfkairport.com/static/img/srs/Beauty-and-Spa.svg","BeRelax","https://www.jfkairport.com/static/JFK/terminalImages/Terminal_5.png","Opposite Gates 6-7","Nail Care, Massage"
"https://www.jfkairport.com/static/img/srs/Shop.svg","Blue Sky Traders","https://www.jfkairport.com/static/JFK/terminalImages/Terminal_5.png","Arrivals Bag Claim 6",""
"https://www.jfkairport.com/static/img/srs/Shop.svg","Blue Sky Traders","https://www.jfkairport.com/static/JFK/terminalImages/Terminal_5.png","Gates 11-12","Travel Essentials, Gifts & Souvenirs"
"https://www.jfkairport.com/static/img/srs/Shop.svg","Brighton Collectibles","https://www.jfkairport.com/static/JFK/terminalImages/Terminal_5.png","Gate 21 Concourse Entrance","Fashion & Accessories"
"https://www.jfkairport.com/static/img/srs/Food-and-Beverage.svg","Caribbean Kitchen","https://www.jfkairport.com/static/JFK/terminalImages/Terminal_5.png","Food Hall","Restaurants, Children’s Menu"
"https://www.jfkairport.com/static/img/srs/Services-and-Amenities.svg","Charging Station","https://www.jfkairport.com/static/JFK/terminalImages/Terminal_5.png","Departures","Charging Station"
"https://www.jfkairport.com/static/img/srs/Services-and-Amenities.svg","Charging Station","https://www.jfkairport.com/static/JFK/terminalImages/Terminal_5.png","Welcome Center outside 
 Arrivals Area","Charging Station"
"https://www.jfkairport.com/static/img/srs/Food-and-Beverage.svg","Cibo Express Gourmet Market","https://www.jfkairport.com/static/JFK/terminalImages/Terminal_5.png","Central Concourse","Grab & Go, Children’s Menu"
"https://www.jfkairport.com/static/img/srs/Food-and-Beverage.svg","Cibo Express Gourmet Market","https://www.jfkairport.com/static/JFK/terminalImages/Terminal_5.png","East Concourse","Grab & Go"
"https://www.jfkairport.com/static/img/srs/Food-and-Beverage.svg","Cibo Express Gourmet Market","https://www.jfkairport.com/static/JFK/terminalImages/Terminal_5.png","Food Court","Grab & Go"
"https://www.jfkairport.com/static/img/srs/Food-and-Beverage.svg","Cibo Express Gourmet Market","https://www.jfkairport.com/static/JFK/terminalImages/Terminal_5.png","Pre Security - Arrivals","Grab & Go"
"https://www.jfkairport.com/static/img/srs/Food-and-Beverage.svg","Cibo Express Gourmet Market","https://www.jfkairport.com/static/JFK/terminalImages/Terminal_5.png","Pre Security - Departures","Grab & Go, Children’s Menu"
"https://www.jfkairport.com/static/img/srs/Food-and-Beverage.svg","Cibo Express Gourmet Market","https://www.jfkairport.com/static/JFK/terminalImages/Terminal_5.png","South Concourse","Grab & Go"
"https://www.jfkairport.com/static/img/srs/Shop.svg","CLEAN & SAFE TRAVELS","https://www.jfkairport.com/static/JFK/terminalImages/Terminal_5.png","Marketplace","Convenience Shopping"
"https://www.jfkairport.com/static/img/srs/Shop.svg","CNBC News","https://www.jfkairport.com/static/JFK/terminalImages/Terminal_5.png","Gate 8 Concourse Entrance","Grab & Go, Books & Magazines"
"https://www.jfkairport.com/static/img/srs/Shop.svg","CNBC News","https://www.jfkairport.com/static/JFK/terminalImages/Terminal_5.png","Opposite Gate 24","Grab & Go, Books & Magazines"
"https://www.jfkairport.com/static/img/srs/Shop.svg","CNBC News (kiosk)","https://www.jfkairport.com/static/JFK/terminalImages/Terminal_5.png","Between Gates 6-7","Grab & Go, Books & Magazines"
"https://www.jfkairport.com/static/img/srs/Food-and-Beverage.svg","Custom Burger","https://www.jfkairport.com/static/JFK/terminalImages/Terminal_5.png","Food Hall","Grab & Go"
"https://www.jfkairport.com/static/img/srs/Food-and-Beverage.svg","Custom Burger / Eggy Weggy","https://www.jfkairport.com/static/JFK/terminalImages/Terminal_5.png","Food Hall","Restaurants"
"https://www.jfkairport.com/static/img/srs/Food-and-Beverage.svg","Deep Blue on the Fly","https://www.jfkairport.com/static/JFK/terminalImages/Terminal_5.png","Marketplace","Grab & Go, Children’s Menu"
"https://www.jfkairport.com/static/img/srs/Food-and-Beverage.svg","Deep Blue Sushi","https://www.jfkairport.com/static/JFK/terminalImages/Terminal_5.png","Marketplace","Restaurants"
"https://www.jfkairport.com/static/img/srs/Food-and-Beverage.svg","Dunkin' Donuts","https://www.jfkairport.com/static/JFK/terminalImages/Terminal_5.png","Food Court","Coffee & Tea, Children’s Menu"
"https://www.jfkairport.com/static/img/srs/Food-and-Beverage.svg","Dunkin' Donuts","https://www.jfkairport.com/static/JFK/terminalImages/Terminal_5.png","Pre Security - Arrivals Baggage Claim 4","Coffee & Tea, Children’s Menu"
"https://www.jfkairport.com/static/img/srs/Food-and-Beverage.svg","Dunkin' Donuts (Temporarily Closed)","https://www.jfkairport.com/static/JFK/terminalImages/Terminal_5.png","Pre Security - Opposite Security Check","Coffee & Tea, Children’s Menu"
"https://www.jfkairport.com/static/img/srs/Food-and-Beverage.svg","Dylan's Candy Bar (Temporarily Closed)","https://www.jfkairport.com/static/JFK/terminalImages/Terminal_5.png","Gate 20","Grab & Go, Children’s Menu"
"https://www.jfkairport.com/static/img/srs/Food-and-Beverage.svg","Family Restrooms","https://www.jfkairport.com/static/JFK/terminalImages/Terminal_5.png","Arrivals, Domestic Side","Children’s Menu"
"https://www.jfkairport.com/static/img/srs/Services-and-Amenities.svg","Family Restrooms","https://www.jfkairport.com/static/JFK/terminalImages/Terminal_5.png","Arrivals, Level1 (near Gate B18/Baggage claim)","Restrooms"
"https://www.jfkairport.com/static/img/srs/Food-and-Beverage.svg","Family Restrooms","https://www.jfkairport.com/static/JFK/terminalImages/Terminal_5.png","Gate 7,17,19,22,25","Children’s Menu"
"https://www.jfkairport.com/static/img/srs/Food-and-Beverage.svg","H&H Bagel","https://www.jfkairport.com/static/JFK/terminalImages/Terminal_5.png","Food Hall","Restaurants"
"https://www.jfkairport.com/static/img/srs/Shop.svg","Heritage Books","https://www.jfkairport.com/static/JFK/terminalImages/Terminal_5.png","Gate 29","Books & Magazines"
"https://www.jfkairport.com/static/img/srs/Food-and-Beverage.svg","Horizon Bakery Café","https://www.jfkairport.com/static/JFK/terminalImages/Terminal_5.png","Gate 1","Grab & Go, Coffee & Tea"
"https://www.jfkairport.com/static/img/srs/Shop.svg","InMotion","https://www.jfkairport.com/static/JFK/terminalImages/Terminal_5.png","Marketplace","Travel Essentials, Electronics"
"https://www.jfkairport.com/static/img/srs/Shop.svg","iS Beauty","https://www.jfkairport.com/static/JFK/terminalImages/Terminal_5.png","Marketplace","Fashion & Accessories, Duty Free"
"https://www.jfkairport.com/static/img/srs/Shop.svg","iS Duty Free","https://www.jfkairport.com/static/JFK/terminalImages/Terminal_5.png","Marketplace","Grab & Go, Duty Free"
"https://www.jfkairport.com/static/img/srs/Shop.svg","iS Style","https://www.jfkairport.com/static/JFK/terminalImages/Terminal_5.png","Between Gates 23 & 24","Duty Free"
"https://www.jfkairport.com/static/img/srs/Food-and-Beverage.svg","Jamba Juice/CIBO Express Market","https://www.jfkairport.com/static/JFK/terminalImages/Terminal_5.png","Marketplace","Grab & Go"
"https://www.jfkairport.com/static/img/srs/Shop.svg","KYLIE","https://www.jfkairport.com/static/JFK/terminalImages/Terminal_5.png","Gate 23","Gifts & Souvenirs"
"https://www.jfkairport.com/static/img/srs/Shop.svg","KYLIE","https://www.jfkairport.com/static/JFK/terminalImages/Terminal_5.png","Gate 9-10","Gifts & Souvenirs"
"https://www.jfkairport.com/static/img/srs/Food-and-Beverage.svg","La Vie (Temporarily Closed)","https://www.jfkairport.com/static/JFK/terminalImages/Terminal_5.png","Gate 22 Concourse Entrance","Restaurants"
"https://www.jfkairport.com/static/img/srs/Food-and-Beverage.svg","Loft","https://www.jfkairport.com/static/JFK/terminalImages/Terminal_5.png","Opposite Gate 26","Restaurants"
"https://www.jfkairport.com/static/img/srs/Food-and-Beverage.svg","Lucy's Asian Kitchen","https://www.jfkairport.com/static/JFK/terminalImages/Terminal_5.png","Food Hall","Restaurants"
"https://www.jfkairport.com/static/img/srs/Food-and-Beverage.svg","Market Table & Feature Entrees Bar (Temporarily Closed)","https://www.jfkairport.com/static/JFK/terminalImages/Terminal_5.png","Food Hall","Restaurants, Grab & Go"
"https://www.jfkairport.com/static/img/srs/Food-and-Beverage.svg","New York Sports Grill","https://www.jfkairport.com/static/JFK/terminalImages/Terminal_5.png","Gates 9-10","Restaurants"
"https://www.jfkairport.com/static/img/srs/Services-and-Amenities.svg","Nursing Suite","https://www.jfkairport.com/static/JFK/terminalImages/Terminal_5.png","Gate 1","Nursing Suites"
"https://www.jfkairport.com/static/img/srs/Services-and-Amenities.svg","Nursing Suite","https://www.jfkairport.com/static/JFK/terminalImages/Terminal_5.png","Gate 12","Nursing Suites"
"https://www.jfkairport.com/static/img/srs/Services-and-Amenities.svg","Nursing Suite","https://www.jfkairport.com/static/JFK/terminalImages/Terminal_5.png","Gate 27","Nursing Suites"
"https://www.jfkairport.com/static/img/srs/Shop.svg","NY Minute","https://www.jfkairport.com/static/JFK/terminalImages/Terminal_5.png","Gate 27","Gifts & Souvenirs"
"https://www.jfkairport.com/static/img/srs/Food-and-Beverage.svg","Piquillo (Temporarily Closed)","https://www.jfkairport.com/static/JFK/terminalImages/Terminal_5.png","Marketplace","Restaurants, Bar"
"https://www.jfkairport.com/static/img/srs/Food-and-Beverage.svg","Re:Vive Bars","https://www.jfkairport.com/static/JFK/terminalImages/Terminal_5.png","Gate 18","Restaurants"
"https://www.jfkairport.com/static/img/srs/Food-and-Beverage.svg","Re:Vive Bars","https://www.jfkairport.com/static/JFK/terminalImages/Terminal_5.png","Gate 6","Restaurants"
"https://www.jfkairport.com/static/img/srs/Food-and-Beverage.svg","Re:Vive Bars","https://www.jfkairport.com/static/JFK/terminalImages/Terminal_5.png","Gates 14-15","Restaurants"
"https://www.jfkairport.com/static/img/srs/Food-and-Beverage.svg","Re:Vive Bars","https://www.jfkairport.com/static/JFK/terminalImages/Terminal_5.png","Gates 24-25","Restaurants"
"https://www.jfkairport.com/static/img/srs/Food-and-Beverage.svg","Re:Vive Bars","https://www.jfkairport.com/static/JFK/terminalImages/Terminal_5.png","Outside Food Hall","Restaurants"
"https://www.jfkairport.com/static/img/srs/Services-and-Amenities.svg","Restrooms","https://www.jfkairport.com/static/JFK/terminalImages/Terminal_5.png","Arrivals, Level 1 (near Baggage claim)","Restrooms"
"https://www.jfkairport.com/static/img/srs/Services-and-Amenities.svg","Restrooms","https://www.jfkairport.com/static/JFK/terminalImages/Terminal_5.png","Arrivals, Level 1 (near Passport Control)","Restrooms"
"https://www.jfkairport.com/static/img/srs/Services-and-Amenities.svg","Restrooms","https://www.jfkairport.com/static/JFK/terminalImages/Terminal_5.png","Departures, Level 3 (near Check-In)","Restrooms"
"https://www.jfkairport.com/static/img/srs/Services-and-Amenities.svg","Restrooms","https://www.jfkairport.com/static/JFK/terminalImages/Terminal_5.png","Departures, Level 3 (near Gate 18 & 19)","Restrooms"
"https://www.jfkairport.com/static/img/srs/Services-and-Amenities.svg","Restrooms","https://www.jfkairport.com/static/JFK/terminalImages/Terminal_5.png","Departures, Level 3 (near Gate 22)","Restrooms"
"https://www.jfkairport.com/static/img/srs/Services-and-Amenities.svg","Restrooms","https://www.jfkairport.com/static/JFK/terminalImages/Terminal_5.png","Departures, Level 3 (near Gate 27)","Restrooms"
"https://www.jfkairport.com/static/img/srs/Services-and-Amenities.svg","Restrooms","https://www.jfkairport.com/static/JFK/terminalImages/Terminal_5.png","Departures, Level 3 (near Gate 6)","Restrooms"
"https://www.jfkairport.com/static/img/srs/Services-and-Amenities.svg","Restrooms","https://www.jfkairport.com/static/JFK/terminalImages/Terminal_5.png","Departures, Level 3 (near Marketplace)","Restrooms"
"https://www.jfkairport.com/static/img/srs/Food-and-Beverage.svg","Revolucion","https://www.jfkairport.com/static/JFK/terminalImages/Terminal_5.png","Gates 11-12","Restaurants"
"https://www.jfkairport.com/static/img/srs/Shop.svg","Ron Jon Surf Shop","https://www.jfkairport.com/static/JFK/terminalImages/Terminal_5.png","Marketplace","Fashion & Accessories"
"https://www.jfkairport.com/static/img/srs/Services-and-Amenities.svg","Secure Wrap","https://www.jfkairport.com/static/JFK/terminalImages/Terminal_5.png","North Departures Hall","Ground Transportation, Baggage Storage"
"https://www.jfkairport.com/static/img/srs/Services-and-Amenities.svg","Secure Wrap (Temporarily Closed)","https://www.jfkairport.com/static/JFK/terminalImages/Terminal_5.png","South Departures Hall","Ground Transportation, Baggage Storage"
"https://www.jfkairport.com/static/img/srs/Services-and-Amenities.svg","Service Animal/Pet Relief Area","https://www.jfkairport.com/static/JFK/terminalImages/Terminal_5.png","Gate 28","Service Animal & Pet Relief"
"https://www.jfkairport.com/static/img/srs/Services-and-Amenities.svg","Service Animal/Pet Relief Area","https://www.jfkairport.com/static/JFK/terminalImages/Terminal_5.png","Outdoor, Arrivals Area, North End","Service Animal & Pet Relief"
"https://www.jfkairport.com/static/img/srs/Shop.svg","Sound","https://www.jfkairport.com/static/JFK/terminalImages/Terminal_5.png","Gate 23","Electronics"
"https://www.jfkairport.com/static/img/srs/Shop.svg","Sound","https://www.jfkairport.com/static/JFK/terminalImages/Terminal_5.png","Gate 6 -7","Electronics"
"https://www.jfkairport.com/static/img/srs/Shop.svg","Sound","https://www.jfkairport.com/static/JFK/terminalImages/Terminal_5.png","Gate 9-10","Electronics"
"https://www.jfkairport.com/static/img/srs/Food-and-Beverage.svg","Starbucks","https://www.jfkairport.com/static/JFK/terminalImages/Terminal_5.png","Gate 22","Grab & Go, Coffee & Tea"
"https://www.jfkairport.com/static/img/srs/Services-and-Amenities.svg","Travelers Aid","https://www.jfkairport.com/static/JFK/terminalImages/Terminal_5.png","Arrivals at Welcome Center (718) 656-4870","Service Animal & Pet Relief"
"https://www.jfkairport.com/static/img/srs/Services-and-Amenities.svg","Travelex ATM","https://www.jfkairport.com/static/JFK/terminalImages/Terminal_5.png","Departures","ATM"
"https://www.jfkairport.com/static/img/srs/Services-and-Amenities.svg","Travelex ATM","https://www.jfkairport.com/static/JFK/terminalImages/Terminal_5.png","Gate 10","ATM"
"https://www.jfkairport.com/static/img/srs/Services-and-Amenities.svg","Travelex ATM","https://www.jfkairport.com/static/JFK/terminalImages/Terminal_5.png","Gate 12","ATM"
"https://www.jfkairport.com/static/img/srs/Services-and-Amenities.svg","Travelex ATM","https://www.jfkairport.com/static/JFK/terminalImages/Terminal_5.png","Gate 23","ATM"
"https://www.jfkairport.com/static/img/srs/Services-and-Amenities.svg","Travelex ATM","https://www.jfkairport.com/static/JFK/terminalImages/Terminal_5.png","Gate 6","ATM"
"https://www.jfkairport.com/static/img/srs/Services-and-Amenities.svg","Travelex ATM","https://www.jfkairport.com/static/JFK/terminalImages/Terminal_5.png","Gate 7","ATM"
"https://www.jfkairport.com/static/img/srs/Services-and-Amenities.svg","USO Center","https://www.jfkairport.com/static/JFK/terminalImages/Terminal_5.png","Street level, arrivals area - Across from baggage carousel 2","Lounges"
"https://www.jfkairport.com/static/img/srs/Services-and-Amenities.svg","Welcome Center","https://www.jfkairport.com/static/JFK/terminalImages/Terminal_5.png","Outside Arrivals Area","Airport Information"
"https://www.jfkairport.com/static/img/srs/Shop.svg","WFAN 66AM","https://www.jfkairport.com/static/JFK/terminalImages/Terminal_5.png","Gates 21 Concourse Entrance","Gifts & Souvenirs"
"https://www.jfkairport.com/static/img/srs/Shop.svg","WhereTraveler Books and More","https://www.jfkairport.com/static/JFK/terminalImages/Terminal_5.png","Marketplace","Grab & Go, Books & Magazines"
"https://www.jfkairport.com/static/img/srs/Food-and-Beverage.svg","World Bean","https://www.jfkairport.com/static/JFK/terminalImages/Terminal_5.png","Gate 6","Coffee & Tea"
"https://www.jfkairport.com/static/img/srs/Food-and-Beverage.svg","World Bean Coffee Bar & Cafe","https://www.jfkairport.com/static/JFK/terminalImages/Terminal_5.png","Gate 19","Coffee & Tea"
"https://www.jfkairport.com/static/img/srs/Services-and-Amenities.svg","Adams Healthcare Services","https://www.jfkairport.com/static/JFK/terminalImages/Terminal_7.png","Departures - Landside","Medical Office"
"https://www.jfkairport.com/static/img/srs/Food-and-Beverage.svg","Apartment 7B","https://www.jfkairport.com/static/JFK/terminalImages/Terminal_7.png","Food Court","Grab & Go, Coffee & Tea, Children’s Menu"
"https://www.jfkairport.com/static/img/srs/Food-and-Beverage.svg","APT 7B","https://www.jfkairport.com/static/JFK/terminalImages/Terminal_7.png","Near Gate 6","$2 Water"
"","Best-Buy (kiosk)","https://www.jfkairport.com/static/JFK/terminalImages/Terminal_7.png","Gates 3-4",""
"https://www.jfkairport.com/static/img/srs/Food-and-Beverage.svg","Brooklyn Rebel","https://www.jfkairport.com/static/JFK/terminalImages/Terminal_7.png","Food Court","Restaurants"
"https://www.jfkairport.com/static/img/srs/Services-and-Amenities.svg","Charging Stations","https://www.jfkairport.com/static/JFK/terminalImages/Terminal_7.png","""Welcome Center outside Arrivals Area""","Charging Station"
"https://www.jfkairport.com/static/img/srs/Services-and-Amenities.svg","Charging Stations","https://www.jfkairport.com/static/JFK/terminalImages/Terminal_7.png","Arrivals Hall","Charging Station"
"https://www.jfkairport.com/static/img/srs/Services-and-Amenities.svg","Charging Stations","https://www.jfkairport.com/static/JFK/terminalImages/Terminal_7.png","Gates 6, 7, 8 11, 12","Charging Station"
"https://www.jfkairport.com/static/img/srs/Services-and-Amenities.svg","Concorde Lounge","https://www.jfkairport.com/static/JFK/terminalImages/Terminal_7.png","Near Gate 1","Lounges"
"https://www.jfkairport.com/static/img/srs/Services-and-Amenities.svg","CXI - Currency Exchange International","https://www.jfkairport.com/static/JFK/terminalImages/Terminal_7.png","Arrivals","Currency Exchange"
"https://www.jfkairport.com/static/img/srs/Services-and-Amenities.svg","CXI - Currency Exchange International","https://www.jfkairport.com/static/JFK/terminalImages/Terminal_7.png","Departures - Near Gate 3/4","Currency Exchange"
"https://www.jfkairport.com/static/img/srs/Food-and-Beverage.svg","Dunkin Donuts","https://www.jfkairport.com/static/JFK/terminalImages/Terminal_7.png","Gate 10","Grab & Go, Coffee & Tea, Children’s Menu"
"https://www.jfkairport.com/static/img/srs/Food-and-Beverage.svg","Dunkin Donuts (Temporarily Closed)","https://www.jfkairport.com/static/JFK/terminalImages/Terminal_7.png","Arrivals Area","Grab & Go, Coffee & Tea, Children’s Menu"
"https://www.jfkairport.com/static/img/srs/Shop.svg","Duty Free Americas","https://www.jfkairport.com/static/JFK/terminalImages/Terminal_7.png","Immediately Post-Security","Gifts & Souvenirs, Electronics, Duty Free, Cosmetics & Skin Care"
"https://www.jfkairport.com/static/img/srs/Services-and-Amenities.svg","Family Restrooms","https://www.jfkairport.com/static/JFK/terminalImages/Terminal_7.png","Arrivals Domestic Side","Restrooms"
"https://www.jfkairport.com/static/img/srs/Services-and-Amenities.svg","Family Restrooms","https://www.jfkairport.com/static/JFK/terminalImages/Terminal_7.png","Gate 10","Restrooms"
"https://www.jfkairport.com/static/img/srs/Services-and-Amenities.svg","Family Restrooms","https://www.jfkairport.com/static/JFK/terminalImages/Terminal_7.png","Gate 11","Restrooms"
"https://www.jfkairport.com/static/img/srs/Food-and-Beverage.svg","Hudson (Gate 5/6)","https://www.jfkairport.com/static/JFK/terminalImages/Terminal_7.png","(Gate 5/6)","$2 Water"
"https://www.jfkairport.com/static/img/srs/Food-and-Beverage.svg","Hudson (Gates 7/8)","https://www.jfkairport.com/static/JFK/terminalImages/Terminal_7.png","Gates 7/8","$2 Water"
"https://www.jfkairport.com/static/img/srs/Shop.svg","Hudson News","https://www.jfkairport.com/static/JFK/terminalImages/Terminal_7.png","Arrivals Area",""
"https://www.jfkairport.com/static/img/srs/Shop.svg","Hudson News","https://www.jfkairport.com/static/JFK/terminalImages/Terminal_7.png","Gates 5-6","Gifts & Souvenirs, Books & Magazines"
"https://www.jfkairport.com/static/img/srs/Shop.svg","Hudson News","https://www.jfkairport.com/static/JFK/terminalImages/Terminal_7.png","Gates 7-8","Gifts & Souvenirs, Books & Magazines"
"https://www.jfkairport.com/static/img/srs/Food-and-Beverage.svg","Hudson News (Arrivals)","https://www.jfkairport.com/static/JFK/terminalImages/Terminal_7.png","Arrivals","$2 Water"
"https://www.jfkairport.com/static/img/srs/Shop.svg","Hudson News (Temporarily Closed)","https://www.jfkairport.com/static/JFK/terminalImages/Terminal_7.png","Gates 11-12","Gifts & Souvenirs, Books & Magazines"
"https://www.jfkairport.com/static/img/srs/Food-and-Beverage.svg","Irving Farm Coffee (Temporarily Closed)","https://www.jfkairport.com/static/JFK/terminalImages/Terminal_7.png","Food Court","Grab & Go, Coffee & Tea"
"https://www.jfkairport.com/static/img/srs/Food-and-Beverage.svg","Kobeyaki (Temporarily Closed)","https://www.jfkairport.com/static/JFK/terminalImages/Terminal_7.png","Food Court","Restaurants"
"https://www.jfkairport.com/static/img/srs/Food-and-Beverage.svg","Le Grand Comptoir","https://www.jfkairport.com/static/JFK/terminalImages/Terminal_7.png","Food Court","Restaurants, Bar"
"https://www.jfkairport.com/static/img/srs/Shop.svg","Luxury Boutiques","https://www.jfkairport.com/static/JFK/terminalImages/Terminal_7.png","Retail Hall","Gifts & Souvenirs"
"https://www.jfkairport.com/static/img/srs/Shop.svg","Macallan Boutique","https://www.jfkairport.com/static/JFK/terminalImages/Terminal_7.png","Retail Hall","Gifts & Souvenirs, Books & Magazines"
"https://www.jfkairport.com/static/img/srs/Services-and-Amenities.svg","Nursing Suite","https://www.jfkairport.com/static/JFK/terminalImages/Terminal_7.png","adjacent to Gate 10","Nursing Suites"
"https://www.jfkairport.com/static/img/srs/Services-and-Amenities.svg","Nursing Suite","https://www.jfkairport.com/static/JFK/terminalImages/Terminal_7.png","Gates 3-4","Nursing Suites"
"https://www.jfkairport.com/static/img/srs/Services-and-Amenities.svg","Restrooms","https://www.jfkairport.com/static/JFK/terminalImages/Terminal_7.png","Arrivals, Level 1","Restrooms"
"https://www.jfkairport.com/static/img/srs/Services-and-Amenities.svg","Restrooms","https://www.jfkairport.com/static/JFK/terminalImages/Terminal_7.png","Arrivals, Level 1 (near Passport Control)","Restrooms"
"https://www.jfkairport.com/static/img/srs/Services-and-Amenities.svg","Restrooms","https://www.jfkairport.com/static/JFK/terminalImages/Terminal_7.png","Departures, Level 2 (near Gate 11)","Restrooms"
"https://www.jfkairport.com/static/img/srs/Services-and-Amenities.svg","Restrooms","https://www.jfkairport.com/static/JFK/terminalImages/Terminal_7.png","Departures, Level 3 (near Food court)","Restrooms"
"https://www.jfkairport.com/static/img/srs/Services-and-Amenities.svg","Restrooms","https://www.jfkairport.com/static/JFK/terminalImages/Terminal_7.png","Departures, Level 3 (near Hudson News)","Restrooms"
"https://www.jfkairport.com/static/img/srs/Services-and-Amenities.svg","Restrooms","https://www.jfkairport.com/static/JFK/terminalImages/Terminal_7.png","Near Check-In, Level 2","Restrooms"
"","Secure Wrap (Temporarily Closed)","https://www.jfkairport.com/static/JFK/terminalImages/Terminal_7.png","Ticketing Area",""
"https://www.jfkairport.com/static/img/srs/Services-and-Amenities.svg","Service Animal/Pet Relief Area","https://www.jfkairport.com/static/JFK/terminalImages/Terminal_7.png","Behind Hudson News near Gates 9 & 10","Service Animal & Pet Relief"
"https://www.jfkairport.com/static/img/srs/Services-and-Amenities.svg","Service Animal/Pet Relief Area","https://www.jfkairport.com/static/JFK/terminalImages/Terminal_7.png","Outside, Arrivals Area, West End","Service Animal & Pet Relief"
"https://www.jfkairport.com/static/img/srs/Shop.svg","SIM Cards (kiosk)","https://www.jfkairport.com/static/JFK/terminalImages/Terminal_7.png","Gates 3-4","Electronics"
"https://www.jfkairport.com/static/img/srs/Shop.svg","SIMS To Go","https://www.jfkairport.com/static/JFK/terminalImages/Terminal_7.png","Arrivals Area","Electronics"
"https://www.jfkairport.com/static/img/srs/Shop.svg","Tech On The Go","https://www.jfkairport.com/static/JFK/terminalImages/Terminal_7.png","Gates 5-6","Electronics"
"","Travelers Aid","https://www.jfkairport.com/static/JFK/terminalImages/Terminal_7.png","(718) 656-4870",""
"https://www.jfkairport.com/static/img/srs/Services-and-Amenities.svg","Travelex ATM","https://www.jfkairport.com/static/JFK/terminalImages/Terminal_7.png","Arrivals","ATM"
"https://www.jfkairport.com/static/img/srs/Services-and-Amenities.svg","Travelex ATM","https://www.jfkairport.com/static/JFK/terminalImages/Terminal_7.png","Gates 5-6","ATM"
"https://www.jfkairport.com/static/img/srs/Services-and-Amenities.svg","Travelex ATM","https://www.jfkairport.com/static/JFK/terminalImages/Terminal_7.png","Gates 7-8","ATM"
"https://www.jfkairport.com/static/img/srs/Services-and-Amenities.svg","Travelex Foreign Currency ATM","https://www.jfkairport.com/static/JFK/terminalImages/Terminal_7.png","Gates 7-8","ATM"
"https://www.jfkairport.com/static/img/srs/Services-and-Amenities.svg","Travelex US Dollar ATM","https://www.jfkairport.com/static/JFK/terminalImages/Terminal_7.png","Arrivals - Pickup Area","ATM"
"https://www.jfkairport.com/static/img/srs/Services-and-Amenities.svg","Travelex US Dollar ATM","https://www.jfkairport.com/static/JFK/terminalImages/Terminal_7.png","Arrivals Hall - Domestic Pickup Area","ATM"
"https://www.jfkairport.com/static/img/srs/Services-and-Amenities.svg","Travelex US Dollar ATM","https://www.jfkairport.com/static/JFK/terminalImages/Terminal_7.png","Departures  - Airside Gate 5","ATM"
"https://www.jfkairport.com/static/img/srs/Services-and-Amenities.svg","Travelex US Dollar ATM (Temporarily Closed)","https://www.jfkairport.com/static/JFK/terminalImages/Terminal_7.png","Departures - Airside Gate 7","ATM"
"https://www.jfkairport.com/static/img/srs/Food-and-Beverage.svg","True Burger","https://www.jfkairport.com/static/JFK/terminalImages/Terminal_7.png","Near Gate 6","Restaurants"
"https://www.jfkairport.com/static/img/srs/Services-and-Amenities.svg","Welcome Center","https://www.jfkairport.com/static/JFK/terminalImages/Terminal_7.png","Outside Arrivals Area","Airport Information"
"https://www.jfkairport.com/static/img/srs/Food-and-Beverage.svg","AbitiNo's Pizza","https://www.jfkairport.com/static/JFK/terminalImages/Terminal_8.png","Concourse C - Near Gate 40","$2 Water"
"https://www.jfkairport.com/static/img/srs/Food-and-Beverage.svg","AbitiNo's Pizza","https://www.jfkairport.com/static/JFK/terminalImages/Terminal_8.png","Concourse C & Food Court","$2 Water"
"https://www.jfkairport.com/static/img/srs/Food-and-Beverage.svg","Abitinos Pizza","https://www.jfkairport.com/static/JFK/terminalImages/Terminal_8.png","Food Court","Grab & Go"
"https://www.jfkairport.com/static/img/srs/Food-and-Beverage.svg","Abitinos Pizza","https://www.jfkairport.com/static/JFK/terminalImages/Terminal_8.png","Gate 40","Grab & Go"
"https://www.jfkairport.com/static/img/srs/Food-and-Beverage.svg","Angelina’s Metro Market","https://www.jfkairport.com/static/JFK/terminalImages/Terminal_8.png","Arrivals","Grab & Go"
"https://www.jfkairport.com/static/img/srs/Services-and-Amenities.svg","Baggage Storage","https://www.jfkairport.com/static/JFK/terminalImages/Terminal_8.png","Arrivals - Meehgan Services - (718) 995-9292","Baggage Storage"
"https://www.jfkairport.com/static/img/srs/Food-and-Beverage.svg","Baskin Robbins/Dunkin Donuts/Hudson","https://www.jfkairport.com/static/JFK/terminalImages/Terminal_8.png","""Gate 42 (Inside Hudson)""","Grab & Go, Coffee & Tea"
"https://www.jfkairport.com/static/img/srs/Shop.svg","Best Buy Automated Retail","https://www.jfkairport.com/static/JFK/terminalImages/Terminal_8.png","Food Court","Electronics"
"https://www.jfkairport.com/static/img/srs/Food-and-Beverage.svg","Bobby Van's Steakhouse","https://www.jfkairport.com/static/JFK/terminalImages/Terminal_8.png","Across from Gate 14","Restaurants, Bar"
"https://www.jfkairport.com/static/img/srs/Food-and-Beverage.svg","Cascata","https://www.jfkairport.com/static/JFK/terminalImages/Terminal_8.png","Concourse C - Near Gate 34","$2 Water"
"https://www.jfkairport.com/static/img/srs/Food-and-Beverage.svg","Cascata","https://www.jfkairport.com/static/JFK/terminalImages/Terminal_8.png","Gate 34","Restaurants, Bar"
"https://www.jfkairport.com/static/img/srs/Services-and-Amenities.svg","Charging Station","https://www.jfkairport.com/static/JFK/terminalImages/Terminal_8.png","""Welcome Center outside Arrivals Area""","Charging Station"
"https://www.jfkairport.com/static/img/srs/Food-and-Beverage.svg","Cibo Express Gourmet Market","https://www.jfkairport.com/static/JFK/terminalImages/Terminal_8.png","Gate 7","Grab & Go, Coffee & Tea"
"https://www.jfkairport.com/static/img/srs/Food-and-Beverage.svg","Cibo Market","https://www.jfkairport.com/static/JFK/terminalImages/Terminal_8.png","Concourse B - Near Gate 6","$2 Water"
"","Clean & Safe PPE Automated Retail","https://www.jfkairport.com/static/JFK/terminalImages/Terminal_8.png","Check-in Area",""
"","Clean & Safe PPE Automated Retail","https://www.jfkairport.com/static/JFK/terminalImages/Terminal_8.png","Food Court",""
"https://www.jfkairport.com/static/img/srs/Food-and-Beverage.svg","Drink Martini Bar","https://www.jfkairport.com/static/JFK/terminalImages/Terminal_8.png","Gate 4","Restaurants, Bar"
"https://www.jfkairport.com/static/img/srs/Food-and-Beverage.svg","Dunkin Donuts","https://www.jfkairport.com/static/JFK/terminalImages/Terminal_8.png","Arrivals","Grab & Go, Coffee & Tea, Children’s Menu"
"https://www.jfkairport.com/static/img/srs/Services-and-Amenities.svg","Family Restrooms","https://www.jfkairport.com/static/JFK/terminalImages/Terminal_8.png","""Arrivals Domestic Side Arrivals International Side""","Restrooms"
"https://www.jfkairport.com/static/img/srs/Services-and-Amenities.svg","Family Restrooms","https://www.jfkairport.com/static/JFK/terminalImages/Terminal_8.png","""Gate 3 Gate 10 Gate 33 Gate 38""","Restrooms"
"https://www.jfkairport.com/static/img/srs/Food-and-Beverage.svg","Hudson","https://www.jfkairport.com/static/JFK/terminalImages/Terminal_8.png","Arrivals","$2 Water"
"https://www.jfkairport.com/static/img/srs/Shop.svg","Hudson","https://www.jfkairport.com/static/JFK/terminalImages/Terminal_8.png","Arrivals Level","Gifts & Souvenirs, Books & Magazines"
"https://www.jfkairport.com/static/img/srs/Food-and-Beverage.svg","Hudson","https://www.jfkairport.com/static/JFK/terminalImages/Terminal_8.png","Concourse B - Near Gate 12","$2 Water"
"https://www.jfkairport.com/static/img/srs/Shop.svg","Hudson","https://www.jfkairport.com/static/JFK/terminalImages/Terminal_8.png","Concourse B - Near Gate 12","Gifts & Souvenirs, Books & Magazines"
"https://www.jfkairport.com/static/img/srs/Shop.svg","Hudson","https://www.jfkairport.com/static/JFK/terminalImages/Terminal_8.png","Concourse B - Near Gate 3","Gifts & Souvenirs, Books & Magazines"
"https://www.jfkairport.com/static/img/srs/Food-and-Beverage.svg","Hudson","https://www.jfkairport.com/static/JFK/terminalImages/Terminal_8.png","Concourse B - Near Gate 3","$2 Water"
"https://www.jfkairport.com/static/img/srs/Shop.svg","Hudson","https://www.jfkairport.com/static/JFK/terminalImages/Terminal_8.png","Concourse B - Near Gate 6","Gifts & Souvenirs, Books & Magazines"
"https://www.jfkairport.com/static/img/srs/Food-and-Beverage.svg","Hudson","https://www.jfkairport.com/static/JFK/terminalImages/Terminal_8.png","Concourse B - Near Gate 6","$2 Water"
"https://www.jfkairport.com/static/img/srs/Shop.svg","Hudson","https://www.jfkairport.com/static/JFK/terminalImages/Terminal_8.png","Concourse C - Near Gate 34","Gifts & Souvenirs, Books & Magazines"
"https://www.jfkairport.com/static/img/srs/Food-and-Beverage.svg","Hudson","https://www.jfkairport.com/static/JFK/terminalImages/Terminal_8.png","Concourse C - Near Gate 34","$2 Water"
"https://www.jfkairport.com/static/img/srs/Food-and-Beverage.svg","Hudson","https://www.jfkairport.com/static/JFK/terminalImages/Terminal_8.png","Concourse C - Near Gate 42","$2 Water"
"https://www.jfkairport.com/static/img/srs/Shop.svg","Hudson","https://www.jfkairport.com/static/JFK/terminalImages/Terminal_8.png","Concourse C - Near Gate 42","Travel Essentials, Books & Magazines"
"https://www.jfkairport.com/static/img/srs/Food-and-Beverage.svg","Hudson","https://www.jfkairport.com/static/JFK/terminalImages/Terminal_8.png","Concourse C - Near Gate 44","$2 Water"
"https://www.jfkairport.com/static/img/srs/Shop.svg","Hudson","https://www.jfkairport.com/static/JFK/terminalImages/Terminal_8.png","Concourse C - Near Gate 44","Travel Essentials, Books & Magazines"
"https://www.jfkairport.com/static/img/srs/Shop.svg","Hudson","https://www.jfkairport.com/static/JFK/terminalImages/Terminal_8.png","Gate 42","Gifts & Souvenirs, Books & Magazines"
"https://www.jfkairport.com/static/img/srs/Shop.svg","InMotion Entertainment","https://www.jfkairport.com/static/JFK/terminalImages/Terminal_8.png","Concourse B Near Gate 10","Electronics"
"https://www.jfkairport.com/static/img/srs/Shop.svg","InMotion Entertainment","https://www.jfkairport.com/static/JFK/terminalImages/Terminal_8.png","Concourse C - Near Gate 44","Electronics"
"https://www.jfkairport.com/static/img/srs/Shop.svg","International Shops Duty Free","https://www.jfkairport.com/static/JFK/terminalImages/Terminal_8.png","Concourse C - Near Gate 42","Fashion & Accessories"
"https://www.jfkairport.com/static/img/srs/Shop.svg","International Shops Duty Free","https://www.jfkairport.com/static/JFK/terminalImages/Terminal_8.png","Main Terminal","Fashion & Accessories"
"https://www.jfkairport.com/static/img/srs/Shop.svg","International Shops Duty Free (Temporarily Closed)","https://www.jfkairport.com/static/JFK/terminalImages/Terminal_8.png","Concourse B - Near Gate 10","Fashion & Accessories"
"https://www.jfkairport.com/static/img/srs/Shop.svg","Kylie Cosmetics Automated Retail","https://www.jfkairport.com/static/JFK/terminalImages/Terminal_8.png","Corridor to Concourse C","Gifts & Souvenirs"
"https://www.jfkairport.com/static/img/srs/Shop.svg","Kylie Skin Automated Retail","https://www.jfkairport.com/static/JFK/terminalImages/Terminal_8.png","Food Court","Gifts & Souvenirs"
"https://www.jfkairport.com/static/img/srs/Food-and-Beverage.svg","Mezze Café","https://www.jfkairport.com/static/JFK/terminalImages/Terminal_8.png","Food Court","Grab & Go"
"https://www.jfkairport.com/static/img/srs/Shop.svg","Michael Kors","https://www.jfkairport.com/static/JFK/terminalImages/Terminal_8.png","Main Terminal","Fashion & Accessories"
"https://www.jfkairport.com/static/img/srs/Food-and-Beverage.svg","New York Deli","https://www.jfkairport.com/static/JFK/terminalImages/Terminal_8.png","Concourse C - Near Gate 41","$2 Water"
"https://www.jfkairport.com/static/img/srs/Shop.svg","New York Originals","https://www.jfkairport.com/static/JFK/terminalImages/Terminal_8.png","Concourse B - Near Gate 8","Gifts & Souvenirs, Fashion & Accessories"
"https://www.jfkairport.com/static/img/srs/Food-and-Beverage.svg","New York Sports Bar","https://www.jfkairport.com/static/JFK/terminalImages/Terminal_8.png","Concourse B - Near Gate 10","Restaurants, Bar"
"https://www.jfkairport.com/static/img/srs/Services-and-Amenities.svg","Nursing Stations","https://www.jfkairport.com/static/JFK/terminalImages/Terminal_8.png","3rd floor in an interior hallway","Nursing Suites"
"https://www.jfkairport.com/static/img/srs/Services-and-Amenities.svg","Nursing Stations","https://www.jfkairport.com/static/JFK/terminalImages/Terminal_8.png","Gate 14","Nursing Suites"
"https://www.jfkairport.com/static/img/srs/Services-and-Amenities.svg","Nursing Stations","https://www.jfkairport.com/static/JFK/terminalImages/Terminal_8.png","Gate 42","Nursing Suites"
"https://www.jfkairport.com/static/img/srs/Food-and-Beverage.svg","O'Neal's Restaurant","https://www.jfkairport.com/static/JFK/terminalImages/Terminal_8.png","Concourse B - Near Gate 6","Restaurants, Bar"
"https://www.jfkairport.com/static/img/srs/Food-and-Beverage.svg","O'Neals","https://www.jfkairport.com/static/JFK/terminalImages/Terminal_8.png","Concourse B - Near Gate 6","$2 Water"
"https://www.jfkairport.com/static/img/srs/Services-and-Amenities.svg","Restrooms","https://www.jfkairport.com/static/JFK/terminalImages/Terminal_8.png","American Admirals Club, Level 4","Restrooms"
"https://www.jfkairport.com/static/img/srs/Services-and-Amenities.svg","Restrooms","https://www.jfkairport.com/static/JFK/terminalImages/Terminal_8.png","Arrivals, Level 1 (connecting tunnel)","Restrooms"
"https://www.jfkairport.com/static/img/srs/Services-and-Amenities.svg","Restrooms","https://www.jfkairport.com/static/JFK/terminalImages/Terminal_8.png","Arrivals, Level 1 (near Baggage Claim)","Restrooms"
"https://www.jfkairport.com/static/img/srs/Services-and-Amenities.svg","Restrooms","https://www.jfkairport.com/static/JFK/terminalImages/Terminal_8.png","Departures, Level 3 (near Check-In)","Restrooms"
"https://www.jfkairport.com/static/img/srs/Services-and-Amenities.svg","Restrooms","https://www.jfkairport.com/static/JFK/terminalImages/Terminal_8.png","Departures, Level 3 (near Food & Shops)","Restrooms"
"https://www.jfkairport.com/static/img/srs/Services-and-Amenities.svg","Restrooms","https://www.jfkairport.com/static/JFK/terminalImages/Terminal_8.png","Departures, Level 3 (near Gate 12)","Restrooms"
"https://www.jfkairport.com/static/img/srs/Services-and-Amenities.svg","Restrooms","https://www.jfkairport.com/static/JFK/terminalImages/Terminal_8.png","Departures, Level 3 (near Gate 14)","Restrooms"
"https://www.jfkairport.com/static/img/srs/Services-and-Amenities.svg","Restrooms","https://www.jfkairport.com/static/JFK/terminalImages/Terminal_8.png","Departures, Level 3 (near Gate 3)","Restrooms"
"https://www.jfkairport.com/static/img/srs/Services-and-Amenities.svg","Restrooms","https://www.jfkairport.com/static/JFK/terminalImages/Terminal_8.png","Departures, Level 3 (near Gate 40)","Restrooms"
"https://www.jfkairport.com/static/img/srs/Services-and-Amenities.svg","Restrooms","https://www.jfkairport.com/static/JFK/terminalImages/Terminal_8.png","Departures, Level 3 (near Gate 42)","Restrooms"
"https://www.jfkairport.com/static/img/srs/Services-and-Amenities.svg","Restrooms","https://www.jfkairport.com/static/JFK/terminalImages/Terminal_8.png","Departures, Level 3 (near Gate 44)","Restrooms"
"https://www.jfkairport.com/static/img/srs/Services-and-Amenities.svg","Restrooms","https://www.jfkairport.com/static/JFK/terminalImages/Terminal_8.png","Departures, Level 3 (near Gate 7)","Restrooms"
"https://www.jfkairport.com/static/img/srs/Services-and-Amenities.svg","Restrooms","https://www.jfkairport.com/static/JFK/terminalImages/Terminal_8.png","Departures, Level 3 (near Gates 34 & 36)","Restrooms"
"https://www.jfkairport.com/static/img/srs/Shop.svg","Salvatore Ferragamo","https://www.jfkairport.com/static/JFK/terminalImages/Terminal_8.png","Main Terminal","Fashion & Accessories"
"https://www.jfkairport.com/static/img/srs/Services-and-Amenities.svg","Service Animal/Pet Relief Area","https://www.jfkairport.com/static/JFK/terminalImages/Terminal_8.png","Gate 38","Service Animal & Pet Relief"
"https://www.jfkairport.com/static/img/srs/Services-and-Amenities.svg","Service Animal/Pet Relief Area","https://www.jfkairport.com/static/JFK/terminalImages/Terminal_8.png","Outside, Departures Area, Middle Island","Service Animal & Pet Relief"
"https://www.jfkairport.com/static/img/srs/Shop.svg","Sims on the Go","https://www.jfkairport.com/static/JFK/terminalImages/Terminal_8.png","Arrivals","Electronics"
"https://www.jfkairport.com/static/img/srs/Food-and-Beverage.svg","SoHo Bistro","https://www.jfkairport.com/static/JFK/terminalImages/Terminal_8.png","Concourse C - Near Gate 43","$2 Water"
"https://www.jfkairport.com/static/img/srs/Food-and-Beverage.svg","SoHo Bistro","https://www.jfkairport.com/static/JFK/terminalImages/Terminal_8.png","Concourse C - Near Gate 43","Restaurants, Bar"
"https://www.jfkairport.com/static/img/srs/Shop.svg","Solstice Sunglass Boutique","https://www.jfkairport.com/static/JFK/terminalImages/Terminal_8.png","Concourse B - Near Gate 10","Fashion & Accessories"
"https://www.jfkairport.com/static/img/srs/Food-and-Beverage.svg","Starbucks Coffee","https://www.jfkairport.com/static/JFK/terminalImages/Terminal_8.png","Near Food Court","Grab & Go, Coffee & Tea"
"https://www.jfkairport.com/static/img/srs/Shop.svg","Tag Heuer/MontBlanc","https://www.jfkairport.com/static/JFK/terminalImages/Terminal_8.png","Main Terminal","Fashion & Accessories"
"https://www.jfkairport.com/static/img/srs/Services-and-Amenities.svg","Travelers Aid","https://www.jfkairport.com/static/JFK/terminalImages/Terminal_8.png","(718) 656-4870","Airport Information"
"https://www.jfkairport.com/static/img/srs/Shop.svg","Victoria's Secret","https://www.jfkairport.com/static/JFK/terminalImages/Terminal_8.png","Concourse B - Near Gate 8","Fashion & Accessories"
"https://www.jfkairport.com/static/img/srs/Services-and-Amenities.svg","Welcome Center","https://www.jfkairport.com/static/JFK/terminalImages/Terminal_8.png","Outside Arrivals Area","Airport Information"